  autofit.c
  ftbase.c
  ftbbox.c
  ftbdf.c
  ftbitmap.c
  ftcid.c
  ftdebug.c
  ftfstype.c
  ftgasp.c
  ftglyph.c
  ftgxval.c
  ftinit.c
  ftmm.c
  ftotval.c
  ftpatent.c
  ftpfr.c
  ftstroke.c
  ftsynth.c
  ftsystem.c
  fttype1.c
  Generating Code...
  Compiling...
  ftwinfnt.c
  bdf.c
  ftcache.c
  cff.c
  type1cid.c
  ftgzip.c
  ftlzw.c
  pcf.c
  pfr.c
  psaux.c
C:\Users\gamin\Documents\Final year uni\Comp-3016-30-\beat dungeon\dependencies\SDL_ttf\external\freetype\src\psaux\t1decode.c(1996,23): warning C4267: '=': conversion from 'size_t' to 'FT_Int', possible loss of data
  (compiling source file '../external/freetype/src/psaux/psaux.c')
  
C:\Users\gamin\Documents\Final year uni\Comp-3016-30-\beat dungeon\dependencies\SDL_ttf\external\freetype\src\psaux\psintrp.c(1012,25): warning C4267: '=': conversion from 'size_t' to 'FT_Fast', possible loss of data
  (compiling source file '../external/freetype/src/psaux/psaux.c')
  
  pshinter.c
  psmodule.c
  raster.c
  sdf.c
  sfnt.c
C:\Users\gamin\Documents\Final year uni\Comp-3016-30-\beat dungeon\dependencies\SDL_ttf\external\freetype\src\sfnt\sfdriver.c(884,13): warning C4267: '=': conversion from 'size_t' to 'FT_UInt', possible loss of data
  (compiling source file '../external/freetype/src/sfnt/sfnt.c')
  
C:\Users\gamin\Documents\Final year uni\Comp-3016-30-\beat dungeon\dependencies\SDL_ttf\external\freetype\src\sfnt\sfdriver.c(1036,36): warning C4244: 'function': conversion from '__int64' to 'const unsigned int', possible loss of data
  (compiling source file '../external/freetype/src/sfnt/sfnt.c')
  
  svg.c
  smooth.c
C:\Users\gamin\Documents\Final year uni\Comp-3016-30-\beat dungeon\dependencies\SDL_ttf\external\freetype\src\smooth\ftgrays.c(1898,20): warning C4267: '+=': conversion from 'size_t' to 'TCoord', possible loss of data
  (compiling source file '../external/freetype/src/smooth/smooth.c')
  
  truetype.c
  type1.c
C:\Users\gamin\Documents\Final year uni\Comp-3016-30-\beat dungeon\dependencies\SDL_ttf\external\freetype\src\type1\t1driver.c(292,48): warning C4267: '=': conversion from 'size_t' to 'FT_ULong', possible loss of data
  (compiling source file '../external/freetype/src/type1/type1.c')
  
C:\Users\gamin\Documents\Final year uni\Comp-3016-30-\beat dungeon\dependencies\SDL_ttf\external\freetype\src\type1\t1driver.c(313,55): warning C4267: '=': conversion from 'size_t' to 'FT_ULong', possible loss of data
  (compiling source file '../external/freetype/src/type1/type1.c')
  
C:\Users\gamin\Documents\Final year uni\Comp-3016-30-\beat dungeon\dependencies\SDL_ttf\external\freetype\src\type1\t1driver.c(342,62): warning C4267: '=': conversion from 'size_t' to 'FT_ULong', possible loss of data
  (compiling source file '../external/freetype/src/type1/type1.c')
  
C:\Users\gamin\Documents\Final year uni\Comp-3016-30-\beat dungeon\dependencies\SDL_ttf\external\freetype\src\type1\t1driver.c(369,19): warning C4267: '=': conversion from 'size_t' to 'FT_UInt', possible loss of data
  (compiling source file '../external/freetype/src/type1/type1.c')
  
C:\Users\gamin\Documents\Final year uni\Comp-3016-30-\beat dungeon\dependencies\SDL_ttf\external\freetype\src\type1\t1driver.c(578,56): warning C4267: '=': conversion from 'size_t' to 'FT_ULong', possible loss of data
  (compiling source file '../external/freetype/src/type1/type1.c')
  
C:\Users\gamin\Documents\Final year uni\Comp-3016-30-\beat dungeon\dependencies\SDL_ttf\external\freetype\src\type1\t1driver.c(587,55): warning C4267: '=': conversion from 'size_t' to 'FT_ULong', possible loss of data
  (compiling source file '../external/freetype/src/type1/type1.c')
  
C:\Users\gamin\Documents\Final year uni\Comp-3016-30-\beat dungeon\dependencies\SDL_ttf\external\freetype\src\type1\t1driver.c(596,58): warning C4267: '=': conversion from 'size_t' to 'FT_ULong', possible loss of data
  (compiling source file '../external/freetype/src/type1/type1.c')
  
C:\Users\gamin\Documents\Final year uni\Comp-3016-30-\beat dungeon\dependencies\SDL_ttf\external\freetype\src\type1\t1driver.c(605,60): warning C4267: '=': conversion from 'size_t' to 'FT_ULong', possible loss of data
  (compiling source file '../external/freetype/src/type1/type1.c')
  
C:\Users\gamin\Documents\Final year uni\Comp-3016-30-\beat dungeon\dependencies\SDL_ttf\external\freetype\src\type1\t1driver.c(615,55): warning C4267: '=': conversion from 'size_t' to 'FT_ULong', possible loss of data
  (compiling source file '../external/freetype/src/type1/type1.c')
  
C:\Users\gamin\Documents\Final year uni\Comp-3016-30-\beat dungeon\dependencies\SDL_ttf\external\freetype\src\type1\t1load.c(1780,64): warning C4244: '=': conversion from '__int64' to 'FT_Int', possible loss of data
  (compiling source file '../external/freetype/src/type1/type1.c')
  
C:\Users\gamin\Documents\Final year uni\Comp-3016-30-\beat dungeon\dependencies\SDL_ttf\external\freetype\src\type1\t1load.c(1953,36): warning C4244: '=': conversion from '__int64' to 'FT_Int', possible loss of data
  (compiling source file '../external/freetype/src/type1/type1.c')
  
  type42.c
C:\Users\gamin\Documents\Final year uni\Comp-3016-30-\beat dungeon\dependencies\SDL_ttf\external\freetype\src\type42\t42parse.c(878,62): warning C4244: '=': conversion from '__int64' to 'FT_Int', possible loss of data
  (compiling source file '../external/freetype/src/type42/type42.c')
  
  Generating Code...
  Compiling...
  winfnt.c
  plutosvg.c
C:\Users\gamin\Documents\Final year uni\Comp-3016-30-\beat dungeon\dependencies\SDL_ttf\external\plutosvg\source\plutosvg.c(737,58): warning C4244: 'function': conversion from '__int64' to 'int', possible loss of data
C:\Users\gamin\Documents\Final year uni\Comp-3016-30-\beat dungeon\dependencies\SDL_ttf\external\plutosvg\source\plutosvg.c(949,59): warning C4267: 'function': conversion from 'size_t' to 'int', possible loss of data
C:\Users\gamin\Documents\Final year uni\Comp-3016-30-\beat dungeon\dependencies\SDL_ttf\external\plutosvg\source\plutosvg.c(987,55): warning C4267: 'function': conversion from 'size_t' to 'int', possible loss of data
C:\Users\gamin\Documents\Final year uni\Comp-3016-30-\beat dungeon\dependencies\SDL_ttf\external\plutosvg\source\plutosvg.c(1201,34): warning C4244: '=': conversion from '__int64' to 'int', possible loss of data
C:\Users\gamin\Documents\Final year uni\Comp-3016-30-\beat dungeon\dependencies\SDL_ttf\external\plutosvg\source\plutosvg.c(1230,38): warning C4244: 'initializing': conversion from '__int64' to 'int', possible loss of data
C:\Users\gamin\Documents\Final year uni\Comp-3016-30-\beat dungeon\dependencies\SDL_ttf\external\plutosvg\source\plutosvg.c(1254,18): warning C4267: '=': conversion from 'size_t' to 'int', possible loss of data
C:\Users\gamin\Documents\Final year uni\Comp-3016-30-\beat dungeon\dependencies\SDL_ttf\external\plutosvg\source\plutosvg.c(1798,102): warning C4267: 'function': conversion from 'size_t' to 'int', possible loss of data
C:\Users\gamin\Documents\Final year uni\Comp-3016-30-\beat dungeon\dependencies\SDL_ttf\external\plutosvg\source\plutosvg.c(1878,111): warning C4267: 'function': conversion from 'size_t' to 'int', possible loss of data
C:\Users\gamin\Documents\Final year uni\Comp-3016-30-\beat dungeon\dependencies\SDL_ttf\external\plutosvg\source\plutosvg.c(1894,104): warning C4267: 'function': conversion from 'size_t' to 'int', possible loss of data
C:\Users\gamin\Documents\Final year uni\Comp-3016-30-\beat dungeon\dependencies\SDL_ttf\external\plutosvg\source\plutosvg.c(1983,74): warning C4267: 'function': conversion from 'size_t' to 'int', possible loss of data
C:\Users\gamin\Documents\Final year uni\Comp-3016-30-\beat dungeon\dependencies\SDL_ttf\external\plutosvg\source\plutosvg.c(2428,63): warning C4244: 'function': conversion from '__int64' to 'int', possible loss of data
C:\Users\gamin\Documents\Final year uni\Comp-3016-30-\beat dungeon\dependencies\SDL_ttf\external\plutosvg\source\plutosvg.c(2439,25): warning C4244: 'initializing': conversion from 'int' to 'float', possible loss of data
C:\Users\gamin\Documents\Final year uni\Comp-3016-30-\beat dungeon\dependencies\SDL_ttf\external\plutosvg\source\plutosvg.c(2440,26): warning C4244: 'initializing': conversion from 'int' to 'float', possible loss of data
  plutovg-blend.c
  plutovg-canvas.c
C:\Users\gamin\Documents\Final year uni\Comp-3016-30-\beat dungeon\dependencies\SDL_ttf\external\plutovg\source\plutovg-canvas.c(90,25): warning C4244: 'initializing': conversion from 'int' to 'float', possible loss of data
  plutovg-font.c
  plutovg-ft-math.c
  plutovg-ft-raster.c
C:\Users\gamin\Documents\Final year uni\Comp-3016-30-\beat dungeon\dependencies\SDL_ttf\external\plutovg\source\plutovg-ft-raster.c(1880,54): warning C4267: 'function': conversion from 'size_t' to 'long', possible loss of data
C:\Users\gamin\Documents\Final year uni\Comp-3016-30-\beat dungeon\dependencies\SDL_ttf\external\plutovg\source\plutovg-ft-raster.c(1887,53): warning C4267: 'function': conversion from 'size_t' to 'long', possible loss of data
  plutovg-ft-stroker.c
C:\Users\gamin\Documents\Final year uni\Comp-3016-30-\beat dungeon\dependencies\SDL_ttf\external\plutovg\source\plutovg-ft-stroker.c(335,32): warning C4018: '>': signed/unsigned mismatch
  plutovg-matrix.c
C:\Users\gamin\Documents\Final year uni\Comp-3016-30-\beat dungeon\dependencies\SDL_ttf\external\plutovg\source\plutovg-matrix.c(171,18): warning C4267: '=': conversion from 'size_t' to 'int', possible loss of data
  plutovg-paint.c
C:\Users\gamin\Documents\Final year uni\Comp-3016-30-\beat dungeon\dependencies\SDL_ttf\external\plutovg\source\plutovg-paint.c(142,18): warning C4267: '=': conversion from 'size_t' to 'int', possible loss of data
C:\Users\gamin\Documents\Final year uni\Comp-3016-30-\beat dungeon\dependencies\SDL_ttf\external\plutovg\source\plutovg-paint.c(382,15): warning C4244: 'return': conversion from '__int64' to 'int', possible loss of data
C:\Users\gamin\Documents\Final year uni\Comp-3016-30-\beat dungeon\dependencies\SDL_ttf\external\plutovg\source\plutovg-paint.c(151,24): warning C4244: 'initializing': conversion from '__int64' to 'int', possible loss of data
  plutovg-path.c
C:\Users\gamin\Documents\Final year uni\Comp-3016-30-\beat dungeon\dependencies\SDL_ttf\external\plutovg\source\plutovg-path.c(752,18): warning C4267: '=': conversion from 'size_t' to 'int', possible loss of data
  plutovg-rasterize.c
C:\Users\gamin\Documents\Final year uni\Comp-3016-30-\beat dungeon\dependencies\SDL_ttf\external\plutovg\source\plutovg-rasterize.c(89,29): warning C4244: '=': conversion from 'int' to 'float', possible loss of data
C:\Users\gamin\Documents\Final year uni\Comp-3016-30-\beat dungeon\dependencies\SDL_ttf\external\plutovg\source\plutovg-rasterize.c(90,29): warning C4244: '=': conversion from 'int' to 'float', possible loss of data
C:\Users\gamin\Documents\Final year uni\Comp-3016-30-\beat dungeon\dependencies\SDL_ttf\external\plutovg\source\plutovg-rasterize.c(91,29): warning C4244: '=': conversion from 'int' to 'float', possible loss of data
C:\Users\gamin\Documents\Final year uni\Comp-3016-30-\beat dungeon\dependencies\SDL_ttf\external\plutovg\source\plutovg-rasterize.c(92,29): warning C4244: '=': conversion from 'int' to 'float', possible loss of data
  plutovg-surface.c
C:\Users\gamin\Documents\Final year uni\Comp-3016-30-\beat dungeon\dependencies\SDL_ttf\external\plutovg\source\plutovg-surface.c(105,18): warning C4267: '=': conversion from 'size_t' to 'int', possible loss of data
C:\Users\gamin\Documents\Final year uni\Comp-3016-30-\beat dungeon\dependencies\SDL_ttf\external\plutovg\source\plutovg-surface.c(145,65): warning C4267: 'function': conversion from 'size_t' to 'int', possible loss of data
  SDL_gpu_textengine.c
  SDL_hashtable.c
  SDL_hashtable_ttf.c
  SDL_renderer_textengine.c
  SDL_surface_textengine.c
  SDL_ttf.c
  Generating Code...
  harfbuzz.cc
C:\Users\gamin\Documents\Final year uni\Comp-3016-30-\beat dungeon\dependencies\SDL_ttf\external\harfbuzz\src\hb-algs.hh(352,11): warning C4244: 'return': conversion from 'uint64_t' to 'uint32_t', possible loss of data
  (compiling source file '../external/harfbuzz/src/harfbuzz.cc')
  
C:\Users\gamin\Documents\Final year uni\Comp-3016-30-\beat dungeon\dependencies\SDL_ttf\external\harfbuzz\src\hb-debug.hh(101,27): warning C4267: 'initializing': conversion from 'size_t' to 'unsigned int', possible loss of data
  (compiling source file '../external/harfbuzz/src/harfbuzz.cc')
  
C:\Users\gamin\Documents\Final year uni\Comp-3016-30-\beat dungeon\dependencies\SDL_ttf\external\harfbuzz\src\hb-debug.hh(115,24): warning C4244: '=': conversion from '__int64' to 'unsigned int', possible loss of data
  (compiling source file '../external/harfbuzz/src/harfbuzz.cc')
  
C:\Users\gamin\Documents\Final year uni\Comp-3016-30-\beat dungeon\dependencies\SDL_ttf\external\harfbuzz\src\hb-sanitize.hh(217,30): warning C4244: '=': conversion from '__int64' to 'unsigned int', possible loss of data
  (compiling source file '../external/harfbuzz/src/harfbuzz.cc')
  
C:\Users\gamin\Documents\Final year uni\Comp-3016-30-\beat dungeon\dependencies\SDL_ttf\external\harfbuzz\src\hb-sanitize.hh(225,9): warning C4244: 'argument': conversion from '__int64' to 'unsigned int', possible loss of data
  (compiling source file '../external/harfbuzz/src/harfbuzz.cc')
  
C:\Users\gamin\Documents\Final year uni\Comp-3016-30-\beat dungeon\dependencies\SDL_ttf\external\harfbuzz\src\hb-bit-page.hh(130,40): warning C4244: 'argument': conversion from '__int64' to 'unsigned int', possible loss of data
  (compiling source file '../external/harfbuzz/src/harfbuzz.cc')
  
C:\Users\gamin\Documents\Final year uni\Comp-3016-30-\beat dungeon\dependencies\SDL_ttf\external\harfbuzz\src\hb-bit-page.hh(147,37): warning C4244: 'argument': conversion from '__int64' to 'unsigned int', possible loss of data
  (compiling source file '../external/harfbuzz/src/harfbuzz.cc')
  
C:\Users\gamin\Documents\Final year uni\Comp-3016-30-\beat dungeon\dependencies\SDL_ttf\external\harfbuzz\src\hb-serialize.hh(129,42): warning C4244: 'argument': conversion from '__int64' to 'unsigned int', possible loss of data
  (compiling source file '../external/harfbuzz/src/harfbuzz.cc')
  
C:\Users\gamin\Documents\Final year uni\Comp-3016-30-\beat dungeon\dependencies\SDL_ttf\external\harfbuzz\src\hb-serialize.hh(136,39): warning C4244: 'argument': conversion from 'T2' to 'unsigned int', possible loss of data
C:\Users\gamin\Documents\Final year uni\Comp-3016-30-\beat dungeon\dependencies\SDL_ttf\external\harfbuzz\src\hb-serialize.hh(136,39): warning C4244:         with
C:\Users\gamin\Documents\Final year uni\Comp-3016-30-\beat dungeon\dependencies\SDL_ttf\external\harfbuzz\src\hb-serialize.hh(136,39): warning C4244:         [
C:\Users\gamin\Documents\Final year uni\Comp-3016-30-\beat dungeon\dependencies\SDL_ttf\external\harfbuzz\src\hb-serialize.hh(136,39): warning C4244:             T2=__int64
C:\Users\gamin\Documents\Final year uni\Comp-3016-30-\beat dungeon\dependencies\SDL_ttf\external\harfbuzz\src\hb-serialize.hh(136,39): warning C4244:         ]
  (compiling source file '../external/harfbuzz/src/harfbuzz.cc')
  
C:\Users\gamin\Documents\Final year uni\Comp-3016-30-\beat dungeon\dependencies\SDL_ttf\external\harfbuzz\src\hb-serialize.hh(381,18): warning C4244: 'initializing': conversion from '__int64' to 'unsigned int', possible loss of data
  (compiling source file '../external/harfbuzz/src/harfbuzz.cc')
  
C:\Users\gamin\Documents\Final year uni\Comp-3016-30-\beat dungeon\dependencies\SDL_ttf\external\harfbuzz\src\hb-serialize.hh(570,32): warning C4244: 'return': conversion from '__int64' to 'unsigned int', possible loss of data
  (compiling source file '../external/harfbuzz/src/harfbuzz.cc')
  
C:\Users\gamin\Documents\Final year uni\Comp-3016-30-\beat dungeon\dependencies\SDL_ttf\external\harfbuzz\src\hb-serialize.hh(587,38): warning C4244: '=': conversion from '__int64' to 'unsigned int', possible loss of data
  (compiling source file '../external/harfbuzz/src/harfbuzz.cc')
  
C:\Users\gamin\Documents\Final year uni\Comp-3016-30-\beat dungeon\dependencies\SDL_ttf\external\harfbuzz\src\hb-serialize.hh(588,38): warning C4244: '=': conversion from '__int64' to 'unsigned int', possible loss of data
  (compiling source file '../external/harfbuzz/src/harfbuzz.cc')
  
C:\Users\gamin\Documents\Final year uni\Comp-3016-30-\beat dungeon\dependencies\SDL_ttf\external\harfbuzz\src\hb-serialize.hh(589,41): warning C4244: '=': conversion from '__int64' to 'unsigned int', possible loss of data
  (compiling source file '../external/harfbuzz/src/harfbuzz.cc')
  
C:\Users\gamin\Documents\Final year uni\Comp-3016-30-\beat dungeon\dependencies\SDL_ttf\external\harfbuzz\src\hb-serialize.hh(618,23): warning C4244: 'return': conversion from '__int64' to 'unsigned int', possible loss of data
  (compiling source file '../external/harfbuzz/src/harfbuzz.cc')
  
C:\Users\gamin\Documents\Final year uni\Comp-3016-30-\beat dungeon\dependencies\SDL_ttf\external\harfbuzz\src\hb-serialize.hh(768,22): warning C4244: 'initializing': conversion from '__int64' to 'unsigned int', possible loss of data
  (compiling source file '../external/harfbuzz/src/harfbuzz.cc')
  
C:\Users\gamin\Documents\Final year uni\Comp-3016-30-\beat dungeon\dependencies\SDL_ttf\external\harfbuzz\src\hb-font.hh(206,33): warning C4244: '=': conversion from 'float' to 'hb_position_t', possible loss of data
  (compiling source file '../external/harfbuzz/src/harfbuzz.cc')
  
C:\Users\gamin\Documents\Final year uni\Comp-3016-30-\beat dungeon\dependencies\SDL_ttf\external\harfbuzz\src\hb-font.hh(207,33): warning C4244: '=': conversion from 'float' to 'hb_position_t', possible loss of data
  (compiling source file '../external/harfbuzz/src/harfbuzz.cc')
  
C:\Users\gamin\Documents\Final year uni\Comp-3016-30-\beat dungeon\dependencies\SDL_ttf\external\harfbuzz\src\hb-font.hh(208,33): warning C4244: '=': conversion from 'float' to 'hb_position_t', possible loss of data
  (compiling source file '../external/harfbuzz/src/harfbuzz.cc')
  
C:\Users\gamin\Documents\Final year uni\Comp-3016-30-\beat dungeon\dependencies\SDL_ttf\external\harfbuzz\src\hb-font.hh(209,34): warning C4244: '=': conversion from 'float' to 'hb_position_t', possible loss of data
  (compiling source file '../external/harfbuzz/src/harfbuzz.cc')
  
C:\Users\gamin\Documents\Final year uni\Comp-3016-30-\beat dungeon\dependencies\SDL_ttf\external\harfbuzz\src\hb-font.hh(422,33): warning C4267: '=': conversion from 'size_t' to 'int', possible loss of data
  (compiling source file '../external/harfbuzz/src/harfbuzz.cc')
  
C:\Users\gamin\Documents\Final year uni\Comp-3016-30-\beat dungeon\dependencies\SDL_ttf\external\harfbuzz\src\hb-font.hh(456,35): warning C4244: '=': conversion from 'double' to 'hb_position_t', possible loss of data
  (compiling source file '../external/harfbuzz/src/harfbuzz.cc')
  
C:\Users\gamin\Documents\Final year uni\Comp-3016-30-\beat dungeon\dependencies\SDL_ttf\external\harfbuzz\src\hb-font.hh(665,33): warning C4267: '=': conversion from 'size_t' to 'int', possible loss of data
  (compiling source file '../external/harfbuzz/src/harfbuzz.cc')
  
C:\Users\gamin\Documents\Final year uni\Comp-3016-30-\beat dungeon\dependencies\SDL_ttf\external\harfbuzz\src\hb-font.hh(691,16): warning C4244: 'initializing': conversion from 'unsigned int' to 'float', possible loss of data
  (compiling source file '../external/harfbuzz/src/harfbuzz.cc')
  
C:\Users\gamin\Documents\Final year uni\Comp-3016-30-\beat dungeon\dependencies\SDL_ttf\external\harfbuzz\src\hb-font.hh(696,80): warning C4244: '=': conversion from 'float' to 'int64_t', possible loss of data
  (compiling source file '../external/harfbuzz/src/harfbuzz.cc')
  
C:\Users\gamin\Documents\Final year uni\Comp-3016-30-\beat dungeon\dependencies\SDL_ttf\external\harfbuzz\src\hb-font.hh(698,80): warning C4244: '=': conversion from 'float' to 'int64_t', possible loss of data
  (compiling source file '../external/harfbuzz/src/harfbuzz.cc')
  
C:\Users\gamin\Documents\Final year uni\Comp-3016-30-\beat dungeon\dependencies\SDL_ttf\external\harfbuzz\src\hb-font.hh(700,24): warning C4244: '=': conversion from 'float' to 'int32_t', possible loss of data
  (compiling source file '../external/harfbuzz/src/harfbuzz.cc')
  
C:\Users\gamin\Documents\Final year uni\Comp-3016-30-\beat dungeon\dependencies\SDL_ttf\external\harfbuzz\src\hb-font.hh(701,24): warning C4244: '=': conversion from 'float' to 'int32_t', possible loss of data
  (compiling source file '../external/harfbuzz/src/harfbuzz.cc')
  
C:\Users\gamin\Documents\Final year uni\Comp-3016-30-\beat dungeon\dependencies\SDL_ttf\external\harfbuzz\src\hb-ot-layout-common.hh(855,35): warning C4244: 'initializing': conversion from '__int64' to 'unsigned int', possible loss of data
  (compiling source file '../external/harfbuzz/src/harfbuzz.cc')
  
C:\Users\gamin\Documents\Final year uni\Comp-3016-30-\beat dungeon\dependencies\SDL_ttf\external\harfbuzz\src\hb-ot-layout-common.hh(1313,73): warning C4244: 'return': conversion from '__int64' to 'unsigned int', possible loss of data
  (compiling source file '../external/harfbuzz/src/harfbuzz.cc')
  
C:\Users\gamin\Documents\Final year uni\Comp-3016-30-\beat dungeon\dependencies\SDL_ttf\external\harfbuzz\src\hb-ot-layout-common.hh(1314,45): warning C4244: 'return': conversion from '__int64' to 'unsigned int', possible loss of data
  (compiling source file '../external/harfbuzz/src/harfbuzz.cc')
  
C:\Users\gamin\Documents\Final year uni\Comp-3016-30-\beat dungeon\dependencies\SDL_ttf\external\harfbuzz\src\hb-ot-layout-common.hh(2590,54): warning C4244: 'argument': conversion from 'double' to 'float', possible loss of data
  (compiling source file '../external/harfbuzz/src/harfbuzz.cc')
  
C:\Users\gamin\Documents\Final year uni\Comp-3016-30-\beat dungeon\dependencies\SDL_ttf\external\harfbuzz\src\hb-ot-layout-common.hh(2591,53): warning C4244: 'argument': conversion from 'double' to 'float', possible loss of data
  (compiling source file '../external/harfbuzz/src/harfbuzz.cc')
  
C:\Users\gamin\Documents\Final year uni\Comp-3016-30-\beat dungeon\dependencies\SDL_ttf\external\harfbuzz\src\hb-ot-layout-common.hh(2592,52): warning C4244: 'argument': conversion from 'double' to 'float', possible loss of data
  (compiling source file '../external/harfbuzz/src/harfbuzz.cc')
  
C:\Users\gamin\Documents\Final year uni\Comp-3016-30-\beat dungeon\dependencies\SDL_ttf\external\harfbuzz\src\hb-ot-layout-common.hh(3342,26): warning C4244: 'initializing': conversion from 'double' to 'float', possible loss of data
  (compiling source file '../external/harfbuzz/src/harfbuzz.cc')
  
C:\Users\gamin\Documents\Final year uni\Comp-3016-30-\beat dungeon\dependencies\SDL_ttf\external\harfbuzz\src\hb-ot-layout-common.hh(3343,26): warning C4244: 'initializing': conversion from 'double' to 'float', possible loss of data
  (compiling source file '../external/harfbuzz/src/harfbuzz.cc')
  
C:\Users\gamin\Documents\Final year uni\Comp-3016-30-\beat dungeon\dependencies\SDL_ttf\external\harfbuzz\src\hb-ot-layout-common.hh(3370,24): warning C4244: 'initializing': conversion from 'double' to 'float', possible loss of data
  (compiling source file '../external/harfbuzz/src/harfbuzz.cc')
  
C:\Users\gamin\Documents\Final year uni\Comp-3016-30-\beat dungeon\dependencies\SDL_ttf\external\harfbuzz\src\hb-ot-layout-common.hh(3371,28): warning C4244: 'initializing': conversion from 'double' to 'float', possible loss of data
  (compiling source file '../external/harfbuzz/src/harfbuzz.cc')
  
C:\Users\gamin\Documents\Final year uni\Comp-3016-30-\beat dungeon\dependencies\SDL_ttf\external\harfbuzz\src\hb-ot-layout-common.hh(3372,24): warning C4244: 'initializing': conversion from 'double' to 'float', possible loss of data
  (compiling source file '../external/harfbuzz/src/harfbuzz.cc')
  
C:\Users\gamin\Documents\Final year uni\Comp-3016-30-\beat dungeon\dependencies\SDL_ttf\external\harfbuzz\src\hb-ot-var-common.hh(592,37): warning C4244: 'argument': conversion from 'double' to 'float', possible loss of data
  (compiling source file '../external/harfbuzz/src/harfbuzz.cc')
  
C:\Users\gamin\Documents\Final year uni\Comp-3016-30-\beat dungeon\dependencies\SDL_ttf\external\harfbuzz\src\hb-ot-var-common.hh(626,40): warning C4244: 'argument': conversion from '__int64' to 'unsigned int', possible loss of data
  (compiling source file '../external/harfbuzz/src/harfbuzz.cc')
  
C:\Users\gamin\Documents\Final year uni\Comp-3016-30-\beat dungeon\dependencies\SDL_ttf\external\harfbuzz\src\hb-ot-var-common.hh(675,32): warning C4244: 'argument': conversion from 'double' to 'float', possible loss of data
  (compiling source file '../external/harfbuzz/src/harfbuzz.cc')
  
C:\Users\gamin\Documents\Final year uni\Comp-3016-30-\beat dungeon\dependencies\SDL_ttf\external\harfbuzz\src\hb-ot-var-common.hh(705,25): warning C4244: '=': conversion from 'double' to 'float', possible loss of data
  (compiling source file '../external/harfbuzz/src/harfbuzz.cc')
  
C:\Users\gamin\Documents\Final year uni\Comp-3016-30-\beat dungeon\dependencies\SDL_ttf\external\harfbuzz\src\hb-ot-var-common.hh(706,21): warning C4244: '=': conversion from 'double' to 'float', possible loss of data
  (compiling source file '../external/harfbuzz/src/harfbuzz.cc')
  
C:\Users\gamin\Documents\Final year uni\Comp-3016-30-\beat dungeon\dependencies\SDL_ttf\external\harfbuzz\src\hb-ot-var-common.hh(707,25): warning C4244: '=': conversion from 'double' to 'float', possible loss of data
  (compiling source file '../external/harfbuzz/src/harfbuzz.cc')
  
C:\Users\gamin\Documents\Final year uni\Comp-3016-30-\beat dungeon\dependencies\SDL_ttf\external\harfbuzz\src\hb-ot-var-common.hh(1704,25): warning C4244: '=': conversion from '__int64' to 'unsigned int', possible loss of data
  (compiling source file '../external/harfbuzz/src/harfbuzz.cc')
  
C:\Users\gamin\Documents\Final year uni\Comp-3016-30-\beat dungeon\dependencies\SDL_ttf\external\harfbuzz\src\hb-ot-var-common.hh(2047,40): warning C4244: 'initializing': conversion from 'Type' to 'float', possible loss of data
C:\Users\gamin\Documents\Final year uni\Comp-3016-30-\beat dungeon\dependencies\SDL_ttf\external\harfbuzz\src\hb-ot-var-common.hh(2047,40): warning C4244:         with
C:\Users\gamin\Documents\Final year uni\Comp-3016-30-\beat dungeon\dependencies\SDL_ttf\external\harfbuzz\src\hb-ot-var-common.hh(2047,40): warning C4244:         [
C:\Users\gamin\Documents\Final year uni\Comp-3016-30-\beat dungeon\dependencies\SDL_ttf\external\harfbuzz\src\hb-ot-var-common.hh(2047,40): warning C4244:             Type=double
C:\Users\gamin\Documents\Final year uni\Comp-3016-30-\beat dungeon\dependencies\SDL_ttf\external\harfbuzz\src\hb-ot-var-common.hh(2047,40): warning C4244:         ]
  (compiling source file '../external/harfbuzz/src/harfbuzz.cc')
  
C:\Users\gamin\Documents\Final year uni\Comp-3016-30-\beat dungeon\dependencies\SDL_ttf\external\harfbuzz\src\hb-ot-var-common.hh(2173,29): warning C4244: 'initializing': conversion from 'double' to 'int', possible loss of data
  (compiling source file '../external/harfbuzz/src/harfbuzz.cc')
  
C:\Users\gamin\Documents\Final year uni\Comp-3016-30-\beat dungeon\dependencies\SDL_ttf\external\harfbuzz\src\hb-ot-layout-gsubgpos.hh(1805,44): warning C4244: 'initializing': conversion from 'T2' to 'unsigned int', possible loss of data
C:\Users\gamin\Documents\Final year uni\Comp-3016-30-\beat dungeon\dependencies\SDL_ttf\external\harfbuzz\src\hb-ot-layout-gsubgpos.hh(1805,44): warning C4244:         with
C:\Users\gamin\Documents\Final year uni\Comp-3016-30-\beat dungeon\dependencies\SDL_ttf\external\harfbuzz\src\hb-ot-layout-gsubgpos.hh(1805,44): warning C4244:         [
C:\Users\gamin\Documents\Final year uni\Comp-3016-30-\beat dungeon\dependencies\SDL_ttf\external\harfbuzz\src\hb-ot-layout-gsubgpos.hh(1805,44): warning C4244:             T2=double
C:\Users\gamin\Documents\Final year uni\Comp-3016-30-\beat dungeon\dependencies\SDL_ttf\external\harfbuzz\src\hb-ot-layout-gsubgpos.hh(1805,44): warning C4244:         ]
  (compiling source file '../external/harfbuzz/src/harfbuzz.cc')
  
C:\Users\gamin\Documents\Final year uni\Comp-3016-30-\beat dungeon\dependencies\SDL_ttf\external\harfbuzz\src\OT\Layout\GPOS\CursivePosFormat1.hh(172,45): warning C4244: '=': conversion from 'float' to 'hb_position_t', possible loss of data
  (compiling source file '../external/harfbuzz/src/harfbuzz.cc')
  
C:\Users\gamin\Documents\Final year uni\Comp-3016-30-\beat dungeon\dependencies\SDL_ttf\external\harfbuzz\src\OT\Layout\GPOS\CursivePosFormat1.hh(174,30): warning C4244: '=': conversion from 'float' to 'hb_position_t', possible loss of data
  (compiling source file '../external/harfbuzz/src/harfbuzz.cc')
  
C:\Users\gamin\Documents\Final year uni\Comp-3016-30-\beat dungeon\dependencies\SDL_ttf\external\harfbuzz\src\OT\Layout\GPOS\CursivePosFormat1.hh(179,29): warning C4244: '=': conversion from 'float' to 'hb_position_t', possible loss of data
  (compiling source file '../external/harfbuzz/src/harfbuzz.cc')
  
C:\Users\gamin\Documents\Final year uni\Comp-3016-30-\beat dungeon\dependencies\SDL_ttf\external\harfbuzz\src\OT\Layout\GPOS\CursivePosFormat1.hh(183,46): warning C4244: '=': conversion from 'float' to 'hb_position_t', possible loss of data
  (compiling source file '../external/harfbuzz/src/harfbuzz.cc')
  
C:\Users\gamin\Documents\Final year uni\Comp-3016-30-\beat dungeon\dependencies\SDL_ttf\external\harfbuzz\src\OT\Layout\GPOS\CursivePosFormat1.hh(186,45): warning C4244: '=': conversion from 'float' to 'hb_position_t', possible loss of data
  (compiling source file '../external/harfbuzz/src/harfbuzz.cc')
  
C:\Users\gamin\Documents\Final year uni\Comp-3016-30-\beat dungeon\dependencies\SDL_ttf\external\harfbuzz\src\OT\Layout\GPOS\CursivePosFormat1.hh(188,30): warning C4244: '=': conversion from 'float' to 'hb_position_t', possible loss of data
  (compiling source file '../external/harfbuzz/src/harfbuzz.cc')
  
C:\Users\gamin\Documents\Final year uni\Comp-3016-30-\beat dungeon\dependencies\SDL_ttf\external\harfbuzz\src\OT\Layout\GPOS\CursivePosFormat1.hh(193,29): warning C4244: '=': conversion from 'float' to 'hb_position_t', possible loss of data
  (compiling source file '../external/harfbuzz/src/harfbuzz.cc')
  
C:\Users\gamin\Documents\Final year uni\Comp-3016-30-\beat dungeon\dependencies\SDL_ttf\external\harfbuzz\src\OT\Layout\GPOS\CursivePosFormat1.hh(197,29): warning C4244: '=': conversion from 'float' to 'hb_position_t', possible loss of data
  (compiling source file '../external/harfbuzz/src/harfbuzz.cc')
  
C:\Users\gamin\Documents\Final year uni\Comp-3016-30-\beat dungeon\dependencies\SDL_ttf\external\harfbuzz\src\OT\Layout\GPOS\CursivePosFormat1.hh(214,28): warning C4244: 'initializing': conversion from 'float' to 'hb_position_t', possible loss of data
  (compiling source file '../external/harfbuzz/src/harfbuzz.cc')
  
C:\Users\gamin\Documents\Final year uni\Comp-3016-30-\beat dungeon\dependencies\SDL_ttf\external\harfbuzz\src\OT\Layout\GPOS\CursivePosFormat1.hh(215,28): warning C4244: 'initializing': conversion from 'float' to 'hb_position_t', possible loss of data
  (compiling source file '../external/harfbuzz/src/harfbuzz.cc')
  
C:\Users\gamin\Documents\Final year uni\Comp-3016-30-\beat dungeon\dependencies\SDL_ttf\external\harfbuzz\src\OT\Layout\GPOS\MarkArray.hh(50,18): warning C4244: '=': conversion from 'float' to 'hb_position_t', possible loss of data
  (compiling source file '../external/harfbuzz/src/harfbuzz.cc')
  
C:\Users\gamin\Documents\Final year uni\Comp-3016-30-\beat dungeon\dependencies\SDL_ttf\external\harfbuzz\src\OT\Layout\GPOS\MarkArray.hh(51,18): warning C4244: '=': conversion from 'float' to 'hb_position_t', possible loss of data
  (compiling source file '../external/harfbuzz/src/harfbuzz.cc')
  
C:\Users\gamin\Documents\Final year uni\Comp-3016-30-\beat dungeon\dependencies\SDL_ttf\external\harfbuzz\src\OT\Layout\GPOS\GPOS.hh(159,28): warning C4244: '+=': conversion from 'float' to 'hb_position_t', possible loss of data
  (compiling source file '../external/harfbuzz/src/harfbuzz.cc')
  
C:\Users\gamin\Documents\Final year uni\Comp-3016-30-\beat dungeon\dependencies\SDL_ttf\external\harfbuzz\src\hb-aat-layout-trak-table.hh(129,12): warning C4244: 'return': conversion from 'float' to 'int', possible loss of data
  (compiling source file '../external/harfbuzz/src/harfbuzz.cc')
  
C:\Users\gamin\Documents\Final year uni\Comp-3016-30-\beat dungeon\dependencies\SDL_ttf\external\harfbuzz\src\hb-aat-layout-trak-table.hh(176,68): warning C4244: 'argument': conversion from 'int' to 'float', possible loss of data
  (compiling source file '../external/harfbuzz/src/harfbuzz.cc')
  
C:\Users\gamin\Documents\Final year uni\Comp-3016-30-\beat dungeon\dependencies\SDL_ttf\external\harfbuzz\src\hb-aat-layout-trak-table.hh(177,60): warning C4244: 'argument': conversion from 'int' to 'float', possible loss of data
  (compiling source file '../external/harfbuzz/src/harfbuzz.cc')
  
C:\Users\gamin\Documents\Final year uni\Comp-3016-30-\beat dungeon\dependencies\SDL_ttf\external\harfbuzz\src\hb-aat-layout-trak-table.hh(189,68): warning C4244: 'argument': conversion from 'int' to 'float', possible loss of data
  (compiling source file '../external/harfbuzz/src/harfbuzz.cc')
  
C:\Users\gamin\Documents\Final year uni\Comp-3016-30-\beat dungeon\dependencies\SDL_ttf\external\harfbuzz\src\hb-aat-layout-trak-table.hh(190,60): warning C4244: 'argument': conversion from 'int' to 'float', possible loss of data
  (compiling source file '../external/harfbuzz/src/harfbuzz.cc')
  
C:\Users\gamin\Documents\Final year uni\Comp-3016-30-\beat dungeon\dependencies\SDL_ttf\external\harfbuzz\src\hb-aat-map.cc(162,42): warning C4244: 'argument': conversion from '__int64' to 'unsigned int', possible loss of data
  (compiling source file '../external/harfbuzz/src/harfbuzz.cc')
  
C:\Users\gamin\Documents\Final year uni\Comp-3016-30-\beat dungeon\dependencies\SDL_ttf\external\harfbuzz\src\hb-blob.cc(686,21): warning C4267: 'initializing': conversion from 'size_t' to 'unsigned int', possible loss of data
  (compiling source file '../external/harfbuzz/src/harfbuzz.cc')
  
C:\Users\gamin\Documents\Final year uni\Comp-3016-30-\beat dungeon\dependencies\SDL_ttf\external\harfbuzz\src\hb-blob.cc(773,28): warning C4267: 'initializing': conversion from 'size_t' to 'unsigned long', possible loss of data
  (compiling source file '../external/harfbuzz/src/harfbuzz.cc')
  
C:\Users\gamin\Documents\Final year uni\Comp-3016-30-\beat dungeon\dependencies\SDL_ttf\external\harfbuzz\src\hb-buffer-serialize.cc(183,20): warning C4244: 'initializing': conversion from '__int64' to 'unsigned int', possible loss of data
  (compiling source file '../external/harfbuzz/src/harfbuzz.cc')
  
C:\Users\gamin\Documents\Final year uni\Comp-3016-30-\beat dungeon\dependencies\SDL_ttf\external\harfbuzz\src\hb-buffer-serialize.cc(241,20): warning C4244: 'initializing': conversion from '__int64' to 'unsigned int', possible loss of data
  (compiling source file '../external/harfbuzz/src/harfbuzz.cc')
  
C:\Users\gamin\Documents\Final year uni\Comp-3016-30-\beat dungeon\dependencies\SDL_ttf\external\harfbuzz\src\hb-buffer-serialize.cc(329,20): warning C4244: 'initializing': conversion from '__int64' to 'unsigned int', possible loss of data
  (compiling source file '../external/harfbuzz/src/harfbuzz.cc')
  
C:\Users\gamin\Documents\Final year uni\Comp-3016-30-\beat dungeon\dependencies\SDL_ttf\external\harfbuzz\src\hb-buffer-serialize.cc(381,20): warning C4244: 'initializing': conversion from '__int64' to 'unsigned int', possible loss of data
  (compiling source file '../external/harfbuzz/src/harfbuzz.cc')
  
C:\Users\gamin\Documents\Final year uni\Comp-3016-30-\beat dungeon\dependencies\SDL_ttf\VisualC\hb-buffer-deserialize-json.rl(61,21): warning C4244: 'argument': conversion from '__int64' to 'int', possible loss of data
  (compiling source file '../external/harfbuzz/src/harfbuzz.cc')
  
C:\Users\gamin\Documents\Final year uni\Comp-3016-30-\beat dungeon\dependencies\SDL_ttf\VisualC\hb-buffer-deserialize-json.rl(61,21): warning C4244: 'argument': conversion from '__int64' to 'int', possible loss of data
  (compiling source file '../external/harfbuzz/src/harfbuzz.cc')
  
C:\Users\gamin\Documents\Final year uni\Comp-3016-30-\beat dungeon\dependencies\SDL_ttf\VisualC\hb-buffer-deserialize-text-glyphs.rl(58,13): warning C4244: 'argument': conversion from '__int64' to 'int', possible loss of data
  (compiling source file '../external/harfbuzz/src/harfbuzz.cc')
  
C:\Users\gamin\Documents\Final year uni\Comp-3016-30-\beat dungeon\dependencies\SDL_ttf\VisualC\hb-buffer-deserialize-text-glyphs.rl(58,13): warning C4244: 'argument': conversion from '__int64' to 'int', possible loss of data
  (compiling source file '../external/harfbuzz/src/harfbuzz.cc')
  
C:\Users\gamin\Documents\Final year uni\Comp-3016-30-\beat dungeon\dependencies\SDL_ttf\VisualC\hb-buffer-deserialize-text-glyphs.rl(58,13): warning C4244: 'argument': conversion from '__int64' to 'int', possible loss of data
  (compiling source file '../external/harfbuzz/src/harfbuzz.cc')
  
C:\Users\gamin\Documents\Final year uni\Comp-3016-30-\beat dungeon\dependencies\SDL_ttf\VisualC\hb-buffer-deserialize-text-glyphs.rl(58,13): warning C4244: 'argument': conversion from '__int64' to 'int', possible loss of data
  (compiling source file '../external/harfbuzz/src/harfbuzz.cc')
  
C:\Users\gamin\Documents\Final year uni\Comp-3016-30-\beat dungeon\dependencies\SDL_ttf\VisualC\hb-buffer-deserialize-text-glyphs.rl(58,13): warning C4244: 'argument': conversion from '__int64' to 'int', possible loss of data
  (compiling source file '../external/harfbuzz/src/harfbuzz.cc')
  
C:\Users\gamin\Documents\Final year uni\Comp-3016-30-\beat dungeon\dependencies\SDL_ttf\VisualC\hb-buffer-deserialize-text-glyphs.rl(58,13): warning C4244: 'argument': conversion from '__int64' to 'int', possible loss of data
  (compiling source file '../external/harfbuzz/src/harfbuzz.cc')
  
C:\Users\gamin\Documents\Final year uni\Comp-3016-30-\beat dungeon\dependencies\SDL_ttf\external\harfbuzz\src\hb-buffer-serialize.cc(768,22): warning C4267: '=': conversion from 'size_t' to 'int', possible loss of data
  (compiling source file '../external/harfbuzz/src/harfbuzz.cc')
  
C:\Users\gamin\Documents\Final year uni\Comp-3016-30-\beat dungeon\dependencies\SDL_ttf\external\harfbuzz\src\hb-buffer-serialize.cc(840,22): warning C4267: '=': conversion from 'size_t' to 'int', possible loss of data
  (compiling source file '../external/harfbuzz/src/harfbuzz.cc')
  
C:\Users\gamin\Documents\Final year uni\Comp-3016-30-\beat dungeon\dependencies\SDL_ttf\external\harfbuzz\src\hb-utf.hh(128,21): warning C4267: 'return': conversion from 'size_t' to 'unsigned int', possible loss of data
  (compiling source file '../external/harfbuzz/src/harfbuzz.cc')
  
C:\Users\gamin\Documents\Final year uni\Comp-3016-30-\beat dungeon\dependencies\SDL_ttf\external\harfbuzz\src\hb-buffer.cc(90,35): warning C4244: 'return': conversion from 'intptr_t' to 'unsigned int', possible loss of data
  (compiling source file '../external/harfbuzz/src/harfbuzz.cc')
  
C:\Users\gamin\Documents\Final year uni\Comp-3016-30-\beat dungeon\dependencies\SDL_ttf\external\harfbuzz\src\hb-common.cc(440,15): warning C4267: 'initializing': conversion from 'size_t' to 'unsigned int', possible loss of data
  (compiling source file '../external/harfbuzz/src/harfbuzz.cc')
  
C:\Users\gamin\Documents\Final year uni\Comp-3016-30-\beat dungeon\dependencies\SDL_ttf\external\harfbuzz\src\hb-common.cc(441,15): warning C4267: 'initializing': conversion from 'size_t' to 'unsigned int', possible loss of data
  (compiling source file '../external/harfbuzz/src/harfbuzz.cc')
  
C:\Users\gamin\Documents\Final year uni\Comp-3016-30-\beat dungeon\dependencies\SDL_ttf\external\harfbuzz\src\hb-common.cc(824,37): warning C4244: 'argument': conversion from '__int64' to 'int', possible loss of data
  (compiling source file '../external/harfbuzz/src/harfbuzz.cc')
  
C:\Users\gamin\Documents\Final year uni\Comp-3016-30-\beat dungeon\dependencies\SDL_ttf\external\harfbuzz\src\hb-common.cc(944,18): warning C4267: '=': conversion from 'size_t' to 'int', possible loss of data
  (compiling source file '../external/harfbuzz/src/harfbuzz.cc')
  
C:\Users\gamin\Documents\Final year uni\Comp-3016-30-\beat dungeon\dependencies\SDL_ttf\external\harfbuzz\src\hb-common.cc(1016,22): warning C4244: '=': conversion from 'double' to 'float', possible loss of data
  (compiling source file '../external/harfbuzz/src/harfbuzz.cc')
  
C:\Users\gamin\Documents\Final year uni\Comp-3016-30-\beat dungeon\dependencies\SDL_ttf\external\harfbuzz\src\hb-common.cc(1056,18): warning C4267: '=': conversion from 'size_t' to 'int', possible loss of data
  (compiling source file '../external/harfbuzz/src/harfbuzz.cc')
  
C:\Users\gamin\Documents\Final year uni\Comp-3016-30-\beat dungeon\dependencies\SDL_ttf\external\harfbuzz\src\hb-cff-interp-common.hh(223,39): warning C4244: 'return': conversion from 'const double' to 'int', possible loss of data
  (compiling source file '../external/harfbuzz/src/harfbuzz.cc')
  
C:\Users\gamin\Documents\Final year uni\Comp-3016-30-\beat dungeon\dependencies\SDL_ttf\external\harfbuzz\src\hb-cff-interp-common.hh(226,45): warning C4244: 'return': conversion from 'double' to 'int32_t', possible loss of data
  (compiling source file '../external/harfbuzz/src/harfbuzz.cc')
  
C:\Users\gamin\Documents\Final year uni\Comp-3016-30-\beat dungeon\dependencies\SDL_ttf\external\harfbuzz\src\hb-ot-os2-table.hh(282,53): warning C4244: 'argument': conversion from 'double' to 'float', possible loss of data
  (compiling source file '../external/harfbuzz/src/harfbuzz.cc')
  
C:\Users\gamin\Documents\Final year uni\Comp-3016-30-\beat dungeon\dependencies\SDL_ttf\external\harfbuzz\src\hb-ot-cmap-table.hh(563,22): warning C4244: 'initializing': conversion from '__int64' to 'unsigned int', possible loss of data
  (compiling source file '../external/harfbuzz/src/harfbuzz.cc')
  
C:\Users\gamin\Documents\Final year uni\Comp-3016-30-\beat dungeon\dependencies\SDL_ttf\external\harfbuzz\src\hb-ot-cmap-table.hh(1414,18): warning C4244: 'initializing': conversion from '__int64' to 'int', possible loss of data
  (compiling source file '../external/harfbuzz/src/harfbuzz.cc')
  
C:\Users\gamin\Documents\Final year uni\Comp-3016-30-\beat dungeon\dependencies\SDL_ttf\external\harfbuzz\src\hb-paint.hh(163,16): warning C4244: 'initializing': conversion from 'unsigned int' to 'float', possible loss of data
  (compiling source file '../external/harfbuzz/src/harfbuzz.cc')
  
C:\Users\gamin\Documents\Final year uni\Comp-3016-30-\beat dungeon\dependencies\SDL_ttf\external\harfbuzz\src\hb-paint.hh(174,16): warning C4244: 'initializing': conversion from 'unsigned int' to 'float', possible loss of data
  (compiling source file '../external/harfbuzz/src/harfbuzz.cc')
  
C:\Users\gamin\Documents\Final year uni\Comp-3016-30-\beat dungeon\dependencies\SDL_ttf\external\harfbuzz\src\hb-paint.hh(175,16): warning C4244: 'initializing': conversion from 'float' to 'int', possible loss of data
  (compiling source file '../external/harfbuzz/src/harfbuzz.cc')
  
C:\Users\gamin\Documents\Final year uni\Comp-3016-30-\beat dungeon\dependencies\SDL_ttf\external\harfbuzz\src\hb-paint.hh(176,16): warning C4244: 'initializing': conversion from 'float' to 'int', possible loss of data
  (compiling source file '../external/harfbuzz/src/harfbuzz.cc')
  
C:\Users\gamin\Documents\Final year uni\Comp-3016-30-\beat dungeon\dependencies\SDL_ttf\external\harfbuzz\src\OT\Color\COLR\COLR.hh(1586,24): warning C4244: '+=': conversion from 'float' to 'int', possible loss of data
  (compiling source file '../external/harfbuzz/src/harfbuzz.cc')
  
C:\Users\gamin\Documents\Final year uni\Comp-3016-30-\beat dungeon\dependencies\SDL_ttf\external\harfbuzz\src\OT\Color\COLR\COLR.hh(1587,24): warning C4244: '+=': conversion from 'float' to 'int', possible loss of data
  (compiling source file '../external/harfbuzz/src/harfbuzz.cc')
  
C:\Users\gamin\Documents\Final year uni\Comp-3016-30-\beat dungeon\dependencies\SDL_ttf\external\harfbuzz\src\OT\Color\COLR\COLR.hh(1588,24): warning C4244: '+=': conversion from 'float' to 'int', possible loss of data
  (compiling source file '../external/harfbuzz/src/harfbuzz.cc')
  
C:\Users\gamin\Documents\Final year uni\Comp-3016-30-\beat dungeon\dependencies\SDL_ttf\external\harfbuzz\src\OT\Color\COLR\COLR.hh(1589,24): warning C4244: '+=': conversion from 'float' to 'int', possible loss of data
  (compiling source file '../external/harfbuzz/src/harfbuzz.cc')
  
C:\Users\gamin\Documents\Final year uni\Comp-3016-30-\beat dungeon\dependencies\SDL_ttf\external\harfbuzz\src\OT\Color\COLR\COLR.hh(2529,29): warning C4244: '=': conversion from 'float' to 'hb_position_t', possible loss of data
  (compiling source file '../external/harfbuzz/src/harfbuzz.cc')
  
C:\Users\gamin\Documents\Final year uni\Comp-3016-30-\beat dungeon\dependencies\SDL_ttf\external\harfbuzz\src\OT\Color\COLR\COLR.hh(2530,29): warning C4244: '=': conversion from 'float' to 'hb_position_t', possible loss of data
  (compiling source file '../external/harfbuzz/src/harfbuzz.cc')
  
C:\Users\gamin\Documents\Final year uni\Comp-3016-30-\beat dungeon\dependencies\SDL_ttf\external\harfbuzz\src\OT\Color\COLR\COLR.hh(2531,31): warning C4244: '=': conversion from 'float' to 'hb_position_t', possible loss of data
  (compiling source file '../external/harfbuzz/src/harfbuzz.cc')
  
C:\Users\gamin\Documents\Final year uni\Comp-3016-30-\beat dungeon\dependencies\SDL_ttf\external\harfbuzz\src\OT\Color\COLR\COLR.hh(2532,32): warning C4244: '=': conversion from 'float' to 'hb_position_t', possible loss of data
  (compiling source file '../external/harfbuzz/src/harfbuzz.cc')
  
C:\Users\gamin\Documents\Final year uni\Comp-3016-30-\beat dungeon\dependencies\SDL_ttf\external\harfbuzz\src\OT\Color\COLR\COLR.hh(2597,15): warning C4244: 'argument': conversion from 'hb_position_t' to 'float', possible loss of data
  (compiling source file '../external/harfbuzz/src/harfbuzz.cc')
  
C:\Users\gamin\Documents\Final year uni\Comp-3016-30-\beat dungeon\dependencies\SDL_ttf\external\harfbuzz\src\OT\Color\COLR\COLR.hh(2596,26): warning C4244: 'argument': conversion from 'hb_position_t' to 'float', possible loss of data
  (compiling source file '../external/harfbuzz/src/harfbuzz.cc')
  
C:\Users\gamin\Documents\Final year uni\Comp-3016-30-\beat dungeon\dependencies\SDL_ttf\external\harfbuzz\src\OT\Color\COLR\COLR.hh(2595,26): warning C4244: 'argument': conversion from 'hb_position_t' to 'float', possible loss of data
  (compiling source file '../external/harfbuzz/src/harfbuzz.cc')
  
C:\Users\gamin\Documents\Final year uni\Comp-3016-30-\beat dungeon\dependencies\SDL_ttf\external\harfbuzz\src\OT\Color\COLR\COLR.hh(2594,15): warning C4244: 'argument': conversion from 'hb_position_t' to 'float', possible loss of data
  (compiling source file '../external/harfbuzz/src/harfbuzz.cc')
  
C:\Users\gamin\Documents\Final year uni\Comp-3016-30-\beat dungeon\dependencies\SDL_ttf\external\harfbuzz\src\OT\Color\COLR\COLR.hh(2736,15): warning C4244: 'argument': conversion from 'hb_position_t' to 'float', possible loss of data
  (compiling source file '../external/harfbuzz/src/harfbuzz.cc')
  
C:\Users\gamin\Documents\Final year uni\Comp-3016-30-\beat dungeon\dependencies\SDL_ttf\external\harfbuzz\src\OT\Color\COLR\COLR.hh(2735,26): warning C4244: 'argument': conversion from 'hb_position_t' to 'float', possible loss of data
  (compiling source file '../external/harfbuzz/src/harfbuzz.cc')
  
C:\Users\gamin\Documents\Final year uni\Comp-3016-30-\beat dungeon\dependencies\SDL_ttf\external\harfbuzz\src\OT\Color\COLR\COLR.hh(2734,26): warning C4244: 'argument': conversion from 'hb_position_t' to 'float', possible loss of data
  (compiling source file '../external/harfbuzz/src/harfbuzz.cc')
  
C:\Users\gamin\Documents\Final year uni\Comp-3016-30-\beat dungeon\dependencies\SDL_ttf\external\harfbuzz\src\OT\Color\COLR\COLR.hh(2733,15): warning C4244: 'argument': conversion from 'hb_position_t' to 'float', possible loss of data
  (compiling source file '../external/harfbuzz/src/harfbuzz.cc')
  
C:\Users\gamin\Documents\Final year uni\Comp-3016-30-\beat dungeon\dependencies\SDL_ttf\external\harfbuzz\src\hb-ot-var-gvar-table.hh(460,43): warning C4244: 'argument': conversion from '__int64' to 'unsigned int', possible loss of data
  (compiling source file '../external/harfbuzz/src/harfbuzz.cc')
  
C:\Users\gamin\Documents\Final year uni\Comp-3016-30-\beat dungeon\dependencies\SDL_ttf\external\harfbuzz\src\hb-ot-var-gvar-table.hh(468,30): warning C4244: 'argument': conversion from '__int64' to 'unsigned int', possible loss of data
  (compiling source file '../external/harfbuzz/src/harfbuzz.cc')
  
C:\Users\gamin\Documents\Final year uni\Comp-3016-30-\beat dungeon\dependencies\SDL_ttf\external\harfbuzz\src\hb-ot-var-gvar-table.hh(656,15): warning C4244: 'initializing': conversion from 'double' to 'float', possible loss of data
  (compiling source file '../external/harfbuzz/src/harfbuzz.cc')
  
C:\Users\gamin\Documents\Final year uni\Comp-3016-30-\beat dungeon\dependencies\SDL_ttf\external\harfbuzz\src\OT\glyf\SimpleGlyph.hh(96,59): warning C4244: 'argument': conversion from '__int64' to 'unsigned int', possible loss of data
  (compiling source file '../external/harfbuzz/src/harfbuzz.cc')
  
C:\Users\gamin\Documents\Final year uni\Comp-3016-30-\beat dungeon\dependencies\SDL_ttf\external\harfbuzz\src\OT\glyf\SimpleGlyph.hh(177,18): warning C4244: '=': conversion from 'int' to 'float', possible loss of data
  (compiling source file '../external/harfbuzz/src/harfbuzz.cc')
  
C:\Users\gamin\Documents\Final year uni\Comp-3016-30-\beat dungeon\dependencies\SDL_ttf\external\harfbuzz\src\OT\glyf\SimpleGlyph.hh(296,17): warning C4244: 'initializing': conversion from 'float' to 'int', possible loss of data
  (compiling source file '../external/harfbuzz/src/harfbuzz.cc')
  
C:\Users\gamin\Documents\Final year uni\Comp-3016-30-\beat dungeon\dependencies\SDL_ttf\external\harfbuzz\src\OT\glyf\SimpleGlyph.hh(297,17): warning C4244: 'initializing': conversion from 'float' to 'int', possible loss of data
  (compiling source file '../external/harfbuzz/src/harfbuzz.cc')
  
C:\Users\gamin\Documents\Final year uni\Comp-3016-30-\beat dungeon\dependencies\SDL_ttf\external\harfbuzz\src\OT\glyf\CompositeGlyph.hh(163,29): warning C4244: 'initializing': conversion from '__int64' to 'unsigned int', possible loss of data
  (compiling source file '../external/harfbuzz/src/harfbuzz.cc')
  
C:\Users\gamin\Documents\Final year uni\Comp-3016-30-\beat dungeon\dependencies\SDL_ttf\external\harfbuzz\src\OT\glyf\CompositeGlyph.hh(170,14): warning C4244: 'argument': conversion from 'float' to 'Type', possible loss of data
C:\Users\gamin\Documents\Final year uni\Comp-3016-30-\beat dungeon\dependencies\SDL_ttf\external\harfbuzz\src\OT\glyf\CompositeGlyph.hh(170,14): warning C4244:         with
C:\Users\gamin\Documents\Final year uni\Comp-3016-30-\beat dungeon\dependencies\SDL_ttf\external\harfbuzz\src\OT\glyf\CompositeGlyph.hh(170,14): warning C4244:         [
C:\Users\gamin\Documents\Final year uni\Comp-3016-30-\beat dungeon\dependencies\SDL_ttf\external\harfbuzz\src\OT\glyf\CompositeGlyph.hh(170,14): warning C4244:             Type=int16_t
C:\Users\gamin\Documents\Final year uni\Comp-3016-30-\beat dungeon\dependencies\SDL_ttf\external\harfbuzz\src\OT\glyf\CompositeGlyph.hh(170,14): warning C4244:         ]
  (compiling source file '../external/harfbuzz/src/harfbuzz.cc')
  
C:\Users\gamin\Documents\Final year uni\Comp-3016-30-\beat dungeon\dependencies\SDL_ttf\external\harfbuzz\src\OT\glyf\CompositeGlyph.hh(171,14): warning C4244: 'argument': conversion from 'float' to 'Type', possible loss of data
C:\Users\gamin\Documents\Final year uni\Comp-3016-30-\beat dungeon\dependencies\SDL_ttf\external\harfbuzz\src\OT\glyf\CompositeGlyph.hh(171,14): warning C4244:         with
C:\Users\gamin\Documents\Final year uni\Comp-3016-30-\beat dungeon\dependencies\SDL_ttf\external\harfbuzz\src\OT\glyf\CompositeGlyph.hh(171,14): warning C4244:         [
C:\Users\gamin\Documents\Final year uni\Comp-3016-30-\beat dungeon\dependencies\SDL_ttf\external\harfbuzz\src\OT\glyf\CompositeGlyph.hh(171,14): warning C4244:             Type=int16_t
C:\Users\gamin\Documents\Final year uni\Comp-3016-30-\beat dungeon\dependencies\SDL_ttf\external\harfbuzz\src\OT\glyf\CompositeGlyph.hh(171,14): warning C4244:         ]
  (compiling source file '../external/harfbuzz/src/harfbuzz.cc')
  
C:\Users\gamin\Documents\Final year uni\Comp-3016-30-\beat dungeon\dependencies\SDL_ttf\external\harfbuzz\src\OT\glyf\CompositeGlyph.hh(175,17): warning C4244: 'initializing': conversion from 'float' to 'int', possible loss of data
  (compiling source file '../external/harfbuzz/src/harfbuzz.cc')
  
C:\Users\gamin\Documents\Final year uni\Comp-3016-30-\beat dungeon\dependencies\SDL_ttf\external\harfbuzz\src\OT\glyf\CompositeGlyph.hh(176,17): warning C4244: 'initializing': conversion from 'float' to 'int', possible loss of data
  (compiling source file '../external/harfbuzz/src/harfbuzz.cc')
  
C:\Users\gamin\Documents\Final year uni\Comp-3016-30-\beat dungeon\dependencies\SDL_ttf\external\harfbuzz\src\OT\glyf\CompositeGlyph.hh(341,38): warning C4244: '=': conversion from '__int64' to 'unsigned int', possible loss of data
  (compiling source file '../external/harfbuzz/src/harfbuzz.cc')
  
C:\Users\gamin\Documents\Final year uni\Comp-3016-30-\beat dungeon\dependencies\SDL_ttf\external\harfbuzz\src\OT\glyf\CompositeGlyph.hh(424,18): warning C4244: 'initializing': conversion from '__int64' to 'unsigned int', possible loss of data
  (compiling source file '../external/harfbuzz/src/harfbuzz.cc')
  
C:\Users\gamin\Documents\Final year uni\Comp-3016-30-\beat dungeon\dependencies\SDL_ttf\external\harfbuzz\src\OT\glyf\VarCompositeGlyph.hh(244,23): warning C4244: '=': conversion from 'int' to 'float', possible loss of data
  (compiling source file '../external/harfbuzz/src/harfbuzz.cc')
  
C:\Users\gamin\Documents\Final year uni\Comp-3016-30-\beat dungeon\dependencies\SDL_ttf\external\harfbuzz\src\OT\glyf\VarCompositeGlyph.hh(245,23): warning C4244: '=': conversion from 'int' to 'float', possible loss of data
  (compiling source file '../external/harfbuzz/src/harfbuzz.cc')
  
C:\Users\gamin\Documents\Final year uni\Comp-3016-30-\beat dungeon\dependencies\SDL_ttf\external\harfbuzz\src\OT\glyf\VarCompositeGlyph.hh(251,23): warning C4244: '=': conversion from 'int' to 'float', possible loss of data
  (compiling source file '../external/harfbuzz/src/harfbuzz.cc')
  
C:\Users\gamin\Documents\Final year uni\Comp-3016-30-\beat dungeon\dependencies\SDL_ttf\external\harfbuzz\src\OT\glyf\VarCompositeGlyph.hh(260,23): warning C4244: '=': conversion from 'int' to 'float', possible loss of data
  (compiling source file '../external/harfbuzz/src/harfbuzz.cc')
  
C:\Users\gamin\Documents\Final year uni\Comp-3016-30-\beat dungeon\dependencies\SDL_ttf\external\harfbuzz\src\OT\glyf\VarCompositeGlyph.hh(261,23): warning C4244: '=': conversion from 'int' to 'float', possible loss of data
  (compiling source file '../external/harfbuzz/src/harfbuzz.cc')
  
C:\Users\gamin\Documents\Final year uni\Comp-3016-30-\beat dungeon\dependencies\SDL_ttf\external\harfbuzz\src\OT\glyf\VarCompositeGlyph.hh(268,23): warning C4244: '=': conversion from 'int' to 'float', possible loss of data
  (compiling source file '../external/harfbuzz/src/harfbuzz.cc')
  
C:\Users\gamin\Documents\Final year uni\Comp-3016-30-\beat dungeon\dependencies\SDL_ttf\external\harfbuzz\src\OT\glyf\VarCompositeGlyph.hh(269,23): warning C4244: '=': conversion from 'int' to 'float', possible loss of data
  (compiling source file '../external/harfbuzz/src/harfbuzz.cc')
  
C:\Users\gamin\Documents\Final year uni\Comp-3016-30-\beat dungeon\dependencies\SDL_ttf\external\harfbuzz\src\OT\glyf\VarCompositeGlyph.hh(276,23): warning C4244: '=': conversion from 'int' to 'float', possible loss of data
  (compiling source file '../external/harfbuzz/src/harfbuzz.cc')
  
C:\Users\gamin\Documents\Final year uni\Comp-3016-30-\beat dungeon\dependencies\SDL_ttf\external\harfbuzz\src\OT\glyf\VarCompositeGlyph.hh(277,23): warning C4244: '=': conversion from 'int' to 'float', possible loss of data
  (compiling source file '../external/harfbuzz/src/harfbuzz.cc')
  
C:\Users\gamin\Documents\Final year uni\Comp-3016-30-\beat dungeon\dependencies\SDL_ttf\external\harfbuzz\src\OT\glyf\VarCompositeGlyph.hh(360,16): warning C4244: 'initializing': conversion from 'float' to 'int', possible loss of data
  (compiling source file '../external/harfbuzz/src/harfbuzz.cc')
  
C:\Users\gamin\Documents\Final year uni\Comp-3016-30-\beat dungeon\dependencies\SDL_ttf\external\harfbuzz\src\OT\glyf\Glyph.hh(158,34): warning C4244: '=': conversion from 'int' to 'float', possible loss of data
  (compiling source file '../external/harfbuzz/src/harfbuzz.cc')
  
C:\Users\gamin\Documents\Final year uni\Comp-3016-30-\beat dungeon\dependencies\SDL_ttf\external\harfbuzz\src\OT\glyf\Glyph.hh(159,47): warning C4244: '=': conversion from 'int' to 'float', possible loss of data
  (compiling source file '../external/harfbuzz/src/harfbuzz.cc')
  
C:\Users\gamin\Documents\Final year uni\Comp-3016-30-\beat dungeon\dependencies\SDL_ttf\external\harfbuzz\src\OT\glyf\Glyph.hh(160,33): warning C4244: '=': conversion from 'int' to 'float', possible loss of data
  (compiling source file '../external/harfbuzz/src/harfbuzz.cc')
  
C:\Users\gamin\Documents\Final year uni\Comp-3016-30-\beat dungeon\dependencies\SDL_ttf\external\harfbuzz\src\OT\glyf\Glyph.hh(161,43): warning C4244: '=': conversion from 'int' to 'float', possible loss of data
  (compiling source file '../external/harfbuzz/src/harfbuzz.cc')
  
C:\Users\gamin\Documents\Final year uni\Comp-3016-30-\beat dungeon\dependencies\SDL_ttf\external\harfbuzz\src\OT\glyf\Glyph.hh(189,20): warning C4244: 'initializing': conversion from 'float' to 'int', possible loss of data
  (compiling source file '../external/harfbuzz/src/harfbuzz.cc')
  
C:\Users\gamin\Documents\Final year uni\Comp-3016-30-\beat dungeon\dependencies\SDL_ttf\external\harfbuzz\src\OT\glyf\Glyph.hh(191,13): warning C4244: 'initializing': conversion from 'float' to 'int', possible loss of data
  (compiling source file '../external/harfbuzz/src/harfbuzz.cc')
  
C:\Users\gamin\Documents\Final year uni\Comp-3016-30-\beat dungeon\dependencies\SDL_ttf\external\harfbuzz\src\OT\glyf\Glyph.hh(197,20): warning C4244: 'initializing': conversion from 'float' to 'int', possible loss of data
  (compiling source file '../external/harfbuzz/src/harfbuzz.cc')
  
C:\Users\gamin\Documents\Final year uni\Comp-3016-30-\beat dungeon\dependencies\SDL_ttf\external\harfbuzz\src\OT\glyf\Glyph.hh(199,13): warning C4244: 'initializing': conversion from 'float' to 'int', possible loss of data
  (compiling source file '../external/harfbuzz/src/harfbuzz.cc')
  
C:\Users\gamin\Documents\Final year uni\Comp-3016-30-\beat dungeon\dependencies\SDL_ttf\external\harfbuzz\src\OT\glyf\Glyph.hh(236,22): warning C4244: 'initializing': conversion from 'float' to 'int', possible loss of data
  (compiling source file '../external/harfbuzz/src/harfbuzz.cc')
  
C:\Users\gamin\Documents\Final year uni\Comp-3016-30-\beat dungeon\dependencies\SDL_ttf\external\harfbuzz\src\OT\glyf\Glyph.hh(237,22): warning C4244: 'initializing': conversion from 'float' to 'int', possible loss of data
  (compiling source file '../external/harfbuzz/src/harfbuzz.cc')
  
C:\Users\gamin\Documents\Final year uni\Comp-3016-30-\beat dungeon\dependencies\SDL_ttf\external\harfbuzz\src\OT\glyf\Glyph.hh(238,22): warning C4244: 'initializing': conversion from 'float' to 'int', possible loss of data
  (compiling source file '../external/harfbuzz/src/harfbuzz.cc')
  
C:\Users\gamin\Documents\Final year uni\Comp-3016-30-\beat dungeon\dependencies\SDL_ttf\external\harfbuzz\src\OT\glyf\Glyph.hh(239,22): warning C4244: 'initializing': conversion from 'float' to 'int', possible loss of data
  (compiling source file '../external/harfbuzz/src/harfbuzz.cc')
  
C:\Users\gamin\Documents\Final year uni\Comp-3016-30-\beat dungeon\dependencies\SDL_ttf\external\harfbuzz\src\OT\glyf\glyf.hh(277,25): warning C4244: '=': conversion from 'float' to 'hb_position_t', possible loss of data
  (compiling source file '../external/harfbuzz/src/harfbuzz.cc')
  
C:\Users\gamin\Documents\Final year uni\Comp-3016-30-\beat dungeon\dependencies\SDL_ttf\external\harfbuzz\src\OT\glyf\glyf.hh(278,21): warning C4244: '=': conversion from 'float' to 'hb_position_t', possible loss of data
  (compiling source file '../external/harfbuzz/src/harfbuzz.cc')
  
C:\Users\gamin\Documents\Final year uni\Comp-3016-30-\beat dungeon\dependencies\SDL_ttf\external\harfbuzz\src\OT\glyf\glyf.hh(279,25): warning C4244: '=': conversion from 'float' to 'hb_position_t', possible loss of data
  (compiling source file '../external/harfbuzz/src/harfbuzz.cc')
  
C:\Users\gamin\Documents\Final year uni\Comp-3016-30-\beat dungeon\dependencies\SDL_ttf\external\harfbuzz\src\OT\glyf\glyf.hh(280,22): warning C4244: '=': conversion from 'float' to 'hb_position_t', possible loss of data
  (compiling source file '../external/harfbuzz/src/harfbuzz.cc')
  
C:\Users\gamin\Documents\Final year uni\Comp-3016-30-\beat dungeon\dependencies\SDL_ttf\external\harfbuzz\src\OT\glyf\glyf.hh(329,21): warning C4244: 'return': conversion from 'float' to 'unsigned int', possible loss of data
  (compiling source file '../external/harfbuzz/src/harfbuzz.cc')
  
C:\Users\gamin\Documents\Final year uni\Comp-3016-30-\beat dungeon\dependencies\SDL_ttf\external\harfbuzz\src\OT\glyf\glyf.hh(342,12): warning C4244: '=': conversion from 'float' to 'int', possible loss of data
  (compiling source file '../external/harfbuzz/src/harfbuzz.cc')
  
C:\Users\gamin\Documents\Final year uni\Comp-3016-30-\beat dungeon\dependencies\SDL_ttf\external\harfbuzz\src\OT\glyf\glyf.hh(490,25): warning C4244: '=': conversion from 'double' to 'float', possible loss of data
  (compiling source file '../external/harfbuzz/src/harfbuzz.cc')
  
C:\Users\gamin\Documents\Final year uni\Comp-3016-30-\beat dungeon\dependencies\SDL_ttf\external\harfbuzz\src\hb-open-file.hh(427,43): warning C4244: '=': conversion from '__int64' to 'unsigned int', possible loss of data
  (compiling source file '../external/harfbuzz/src/harfbuzz.cc')
  
C:\Users\gamin\Documents\Final year uni\Comp-3016-30-\beat dungeon\dependencies\SDL_ttf\external\harfbuzz\src\hb-ot-var-avar-table.hh(103,35): warning C4244: '=': conversion from 'double' to 'float', possible loss of data
  (compiling source file '../external/harfbuzz/src/harfbuzz.cc')
  
C:\Users\gamin\Documents\Final year uni\Comp-3016-30-\beat dungeon\dependencies\SDL_ttf\external\harfbuzz\src\hb-ot-var-avar-table.hh(104,33): warning C4244: '=': conversion from 'double' to 'float', possible loss of data
  (compiling source file '../external/harfbuzz/src/harfbuzz.cc')
  
C:\Users\gamin\Documents\Final year uni\Comp-3016-30-\beat dungeon\dependencies\SDL_ttf\external\harfbuzz\src\hb-ot-var-avar-table.hh(176,12): warning C4244: 'return': conversion from 'float' to 'int', possible loss of data
  (compiling source file '../external/harfbuzz/src/harfbuzz.cc')
  
C:\Users\gamin\Documents\Final year uni\Comp-3016-30-\beat dungeon\dependencies\SDL_ttf\external\harfbuzz\src\hb-ot-var-avar-table.hh(188,30): warning C4244: 'argument': conversion from 'const double' to 'float', possible loss of data
  (compiling source file '../external/harfbuzz/src/harfbuzz.cc')
  
C:\Users\gamin\Documents\Final year uni\Comp-3016-30-\beat dungeon\dependencies\SDL_ttf\external\harfbuzz\src\hb-ot-var-avar-table.hh(192,30): warning C4244: 'argument': conversion from 'const double' to 'float', possible loss of data
  (compiling source file '../external/harfbuzz/src/harfbuzz.cc')
  
C:\Users\gamin\Documents\Final year uni\Comp-3016-30-\beat dungeon\dependencies\SDL_ttf\external\harfbuzz\src\hb-ot-var-avar-table.hh(196,30): warning C4244: 'argument': conversion from 'const double' to 'float', possible loss of data
  (compiling source file '../external/harfbuzz/src/harfbuzz.cc')
  
C:\Users\gamin\Documents\Final year uni\Comp-3016-30-\beat dungeon\dependencies\SDL_ttf\external\harfbuzz\src\hb-ot-var-avar-table.hh(339,12): warning C4244: '+=': conversion from 'float' to 'int', possible loss of data
  (compiling source file '../external/harfbuzz/src/harfbuzz.cc')
  
C:\Users\gamin\Documents\Final year uni\Comp-3016-30-\beat dungeon\dependencies\SDL_ttf\external\harfbuzz\src\hb-ot-var-fvar-table.hh(195,12): warning C4244: 'return': conversion from 'float' to 'int', possible loss of data
  (compiling source file '../external/harfbuzz/src/harfbuzz.cc')
  
C:\Users\gamin\Documents\Final year uni\Comp-3016-30-\beat dungeon\dependencies\SDL_ttf\external\harfbuzz\src\hb-ot-var-fvar-table.hh(252,42): warning C4244: 'argument': conversion from 'double' to 'float', possible loss of data
  (compiling source file '../external/harfbuzz/src/harfbuzz.cc')
  
C:\Users\gamin\Documents\Final year uni\Comp-3016-30-\beat dungeon\dependencies\SDL_ttf\external\harfbuzz\src\hb-ot-var-fvar-table.hh(253,46): warning C4244: 'argument': conversion from 'double' to 'float', possible loss of data
  (compiling source file '../external/harfbuzz/src/harfbuzz.cc')
  
C:\Users\gamin\Documents\Final year uni\Comp-3016-30-\beat dungeon\dependencies\SDL_ttf\external\harfbuzz\src\hb-ot-var-fvar-table.hh(254,42): warning C4244: 'argument': conversion from 'double' to 'float', possible loss of data
  (compiling source file '../external/harfbuzz/src/harfbuzz.cc')
  
C:\Users\gamin\Documents\Final year uni\Comp-3016-30-\beat dungeon\dependencies\SDL_ttf\external\harfbuzz\src\hb-ft.cc(196,29): warning C4244: '=': conversion from 'float' to 'FT_Fixed', possible loss of data
  (compiling source file '../external/harfbuzz/src/harfbuzz.cc')
  
C:\Users\gamin\Documents\Final year uni\Comp-3016-30-\beat dungeon\dependencies\SDL_ttf\external\harfbuzz\src\hb-ft.cc(467,28): warning C4244: '=': conversion from 'int' to 'float', possible loss of data
  (compiling source file '../external/harfbuzz/src/harfbuzz.cc')
  
C:\Users\gamin\Documents\Final year uni\Comp-3016-30-\beat dungeon\dependencies\SDL_ttf\external\harfbuzz\src\hb-ft.cc(528,28): warning C4244: '=': conversion from 'int' to 'float', possible loss of data
  (compiling source file '../external/harfbuzz/src/harfbuzz.cc')
  
C:\Users\gamin\Documents\Final year uni\Comp-3016-30-\beat dungeon\dependencies\SDL_ttf\external\harfbuzz\src\hb-ft.cc(570,28): warning C4244: '=': conversion from 'int' to 'float', possible loss of data
  (compiling source file '../external/harfbuzz/src/harfbuzz.cc')
  
C:\Users\gamin\Documents\Final year uni\Comp-3016-30-\beat dungeon\dependencies\SDL_ttf\external\harfbuzz\src\hb-ft.cc(571,28): warning C4244: '=': conversion from 'int' to 'float', possible loss of data
  (compiling source file '../external/harfbuzz/src/harfbuzz.cc')
  
C:\Users\gamin\Documents\Final year uni\Comp-3016-30-\beat dungeon\dependencies\SDL_ttf\external\harfbuzz\src\hb-ft.cc(634,28): warning C4244: '=': conversion from 'int' to 'float', possible loss of data
  (compiling source file '../external/harfbuzz/src/harfbuzz.cc')
  
C:\Users\gamin\Documents\Final year uni\Comp-3016-30-\beat dungeon\dependencies\SDL_ttf\external\harfbuzz\src\hb-ft.cc(635,28): warning C4244: '=': conversion from 'int' to 'float', possible loss of data
  (compiling source file '../external/harfbuzz/src/harfbuzz.cc')
  
C:\Users\gamin\Documents\Final year uni\Comp-3016-30-\beat dungeon\dependencies\SDL_ttf\external\harfbuzz\src\hb-ft.cc(655,31): warning C4244: '=': conversion from 'float' to 'hb_position_t', possible loss of data
  (compiling source file '../external/harfbuzz/src/harfbuzz.cc')
  
C:\Users\gamin\Documents\Final year uni\Comp-3016-30-\beat dungeon\dependencies\SDL_ttf\external\harfbuzz\src\hb-ft.cc(656,31): warning C4244: '=': conversion from 'float' to 'hb_position_t', possible loss of data
  (compiling source file '../external/harfbuzz/src/harfbuzz.cc')
  
C:\Users\gamin\Documents\Final year uni\Comp-3016-30-\beat dungeon\dependencies\SDL_ttf\external\harfbuzz\src\hb-ft.cc(657,31): warning C4244: '=': conversion from 'float' to 'hb_position_t', possible loss of data
  (compiling source file '../external/harfbuzz/src/harfbuzz.cc')
  
C:\Users\gamin\Documents\Final year uni\Comp-3016-30-\beat dungeon\dependencies\SDL_ttf\external\harfbuzz\src\hb-ft.cc(658,32): warning C4244: '=': conversion from 'float' to 'hb_position_t', possible loss of data
  (compiling source file '../external/harfbuzz/src/harfbuzz.cc')
  
C:\Users\gamin\Documents\Final year uni\Comp-3016-30-\beat dungeon\dependencies\SDL_ttf\external\harfbuzz\src\hb-ft.cc(780,28): warning C4244: '=': conversion from 'int' to 'float', possible loss of data
  (compiling source file '../external/harfbuzz/src/harfbuzz.cc')
  
C:\Users\gamin\Documents\Final year uni\Comp-3016-30-\beat dungeon\dependencies\SDL_ttf\external\harfbuzz\src\hb-ft.cc(811,30): warning C4244: 'argument': conversion from 'const FT_Pos' to 'float', possible loss of data
  (compiling source file '../external/harfbuzz/src/harfbuzz.cc')
  
C:\Users\gamin\Documents\Final year uni\Comp-3016-30-\beat dungeon\dependencies\SDL_ttf\external\harfbuzz\src\hb-ft.cc(811,23): warning C4244: 'argument': conversion from 'const FT_Pos' to 'float', possible loss of data
  (compiling source file '../external/harfbuzz/src/harfbuzz.cc')
  
C:\Users\gamin\Documents\Final year uni\Comp-3016-30-\beat dungeon\dependencies\SDL_ttf\external\harfbuzz\src\hb-ft.cc(820,30): warning C4244: 'argument': conversion from 'const FT_Pos' to 'float', possible loss of data
  (compiling source file '../external/harfbuzz/src/harfbuzz.cc')
  
C:\Users\gamin\Documents\Final year uni\Comp-3016-30-\beat dungeon\dependencies\SDL_ttf\external\harfbuzz\src\hb-ft.cc(820,23): warning C4244: 'argument': conversion from 'const FT_Pos' to 'float', possible loss of data
  (compiling source file '../external/harfbuzz/src/harfbuzz.cc')
  
C:\Users\gamin\Documents\Final year uni\Comp-3016-30-\beat dungeon\dependencies\SDL_ttf\external\harfbuzz\src\hb-ft.cc(831,14): warning C4244: 'argument': conversion from 'const FT_Pos' to 'float', possible loss of data
  (compiling source file '../external/harfbuzz/src/harfbuzz.cc')
  
C:\Users\gamin\Documents\Final year uni\Comp-3016-30-\beat dungeon\dependencies\SDL_ttf\external\harfbuzz\src\hb-ft.cc(831,7): warning C4244: 'argument': conversion from 'const FT_Pos' to 'float', possible loss of data
  (compiling source file '../external/harfbuzz/src/harfbuzz.cc')
  
C:\Users\gamin\Documents\Final year uni\Comp-3016-30-\beat dungeon\dependencies\SDL_ttf\external\harfbuzz\src\hb-ft.cc(830,45): warning C4244: 'argument': conversion from 'const FT_Pos' to 'float', possible loss of data
  (compiling source file '../external/harfbuzz/src/harfbuzz.cc')
  
C:\Users\gamin\Documents\Final year uni\Comp-3016-30-\beat dungeon\dependencies\SDL_ttf\external\harfbuzz\src\hb-ft.cc(830,33): warning C4244: 'argument': conversion from 'const FT_Pos' to 'float', possible loss of data
  (compiling source file '../external/harfbuzz/src/harfbuzz.cc')
  
C:\Users\gamin\Documents\Final year uni\Comp-3016-30-\beat dungeon\dependencies\SDL_ttf\external\harfbuzz\src\hb-ft.cc(844,17): warning C4244: 'argument': conversion from 'const FT_Pos' to 'float', possible loss of data
  (compiling source file '../external/harfbuzz/src/harfbuzz.cc')
  
C:\Users\gamin\Documents\Final year uni\Comp-3016-30-\beat dungeon\dependencies\SDL_ttf\external\harfbuzz\src\hb-ft.cc(844,10): warning C4244: 'argument': conversion from 'const FT_Pos' to 'float', possible loss of data
  (compiling source file '../external/harfbuzz/src/harfbuzz.cc')
  
C:\Users\gamin\Documents\Final year uni\Comp-3016-30-\beat dungeon\dependencies\SDL_ttf\external\harfbuzz\src\hb-ft.cc(843,29): warning C4244: 'argument': conversion from 'const FT_Pos' to 'float', possible loss of data
  (compiling source file '../external/harfbuzz/src/harfbuzz.cc')
  
C:\Users\gamin\Documents\Final year uni\Comp-3016-30-\beat dungeon\dependencies\SDL_ttf\external\harfbuzz\src\hb-ft.cc(843,16): warning C4244: 'argument': conversion from 'const FT_Pos' to 'float', possible loss of data
  (compiling source file '../external/harfbuzz/src/harfbuzz.cc')
  
C:\Users\gamin\Documents\Final year uni\Comp-3016-30-\beat dungeon\dependencies\SDL_ttf\external\harfbuzz\src\hb-ft.cc(842,43): warning C4244: 'argument': conversion from 'const FT_Pos' to 'float', possible loss of data
  (compiling source file '../external/harfbuzz/src/harfbuzz.cc')
  
C:\Users\gamin\Documents\Final year uni\Comp-3016-30-\beat dungeon\dependencies\SDL_ttf\external\harfbuzz\src\hb-ft.cc(842,30): warning C4244: 'argument': conversion from 'const FT_Pos' to 'float', possible loss of data
  (compiling source file '../external/harfbuzz/src/harfbuzz.cc')
  
C:\Users\gamin\Documents\Final year uni\Comp-3016-30-\beat dungeon\dependencies\SDL_ttf\external\harfbuzz\src\hb-ft-colr.hh(368,15): warning C4244: 'initializing': conversion from 'unsigned int' to 'float', possible loss of data
  (compiling source file '../external/harfbuzz/src/harfbuzz.cc')
  
C:\Users\gamin\Documents\Final year uni\Comp-3016-30-\beat dungeon\dependencies\SDL_ttf\external\harfbuzz\src\hb-ft-colr.hh(523,27): warning C4244: 'argument': conversion from 'FT_Pos' to 'float', possible loss of data
  (compiling source file '../external/harfbuzz/src/harfbuzz.cc')
  
C:\Users\gamin\Documents\Final year uni\Comp-3016-30-\beat dungeon\dependencies\SDL_ttf\external\harfbuzz\src\hb-ft-colr.hh(519,29): warning C4244: 'argument': conversion from 'FT_Pos' to 'float', possible loss of data
  (compiling source file '../external/harfbuzz/src/harfbuzz.cc')
  
C:\Users\gamin\Documents\Final year uni\Comp-3016-30-\beat dungeon\dependencies\SDL_ttf\VisualC\hb-number-parser.rl(117,43): warning C4244: 'argument': conversion from 'double' to 'unsigned int', possible loss of data
  (compiling source file '../external/harfbuzz/src/harfbuzz.cc')
  
C:\Users\gamin\Documents\Final year uni\Comp-3016-30-\beat dungeon\dependencies\SDL_ttf\external\harfbuzz\src\hb-subset-cff-common.hh(149,20): warning C4267: 'initializing': conversion from 'size_t' to 'unsigned int', possible loss of data
  (compiling source file '../external/harfbuzz/src/harfbuzz.cc')
  
C:\Users\gamin\Documents\Final year uni\Comp-3016-30-\beat dungeon\dependencies\SDL_ttf\external\harfbuzz\src\hb-subset-cff-common.hh(166,21): warning C4244: 'initializing': conversion from '__int64' to 'int', possible loss of data
  (compiling source file '../external/harfbuzz/src/harfbuzz.cc')
  
C:\Users\gamin\Documents\Final year uni\Comp-3016-30-\beat dungeon\dependencies\SDL_ttf\external\harfbuzz\src\hb-ot-cff1-table.hh(1401,24): warning C4267: 'initializing': conversion from 'size_t' to 'unsigned int', possible loss of data
  (compiling source file '../external/harfbuzz/src/harfbuzz.cc')
  
C:\Users\gamin\Documents\Final year uni\Comp-3016-30-\beat dungeon\dependencies\SDL_ttf\external\harfbuzz\src\hb-ot-cff1-table.hh(1412,33): warning C4267: '=': conversion from 'size_t' to 'int', possible loss of data
  (compiling source file '../external/harfbuzz/src/harfbuzz.cc')
  
C:\Users\gamin\Documents\Final year uni\Comp-3016-30-\beat dungeon\dependencies\SDL_ttf\external\harfbuzz\src\hb-ot-cff1-table.cc(425,26): warning C4244: '=': conversion from 'double' to 'hb_position_t', possible loss of data
  (compiling source file '../external/harfbuzz/src/harfbuzz.cc')
  
C:\Users\gamin\Documents\Final year uni\Comp-3016-30-\beat dungeon\dependencies\SDL_ttf\external\harfbuzz\src\hb-ot-cff1-table.cc(426,22): warning C4244: '=': conversion from 'double' to 'hb_position_t', possible loss of data
  (compiling source file '../external/harfbuzz/src/harfbuzz.cc')
  
C:\Users\gamin\Documents\Final year uni\Comp-3016-30-\beat dungeon\dependencies\SDL_ttf\external\harfbuzz\src\hb-ot-cff1-table.cc(435,26): warning C4244: '=': conversion from 'double' to 'hb_position_t', possible loss of data
  (compiling source file '../external/harfbuzz/src/harfbuzz.cc')
  
C:\Users\gamin\Documents\Final year uni\Comp-3016-30-\beat dungeon\dependencies\SDL_ttf\external\harfbuzz\src\hb-ot-cff1-table.cc(436,23): warning C4244: '=': conversion from 'double' to 'hb_position_t', possible loss of data
  (compiling source file '../external/harfbuzz/src/harfbuzz.cc')
  
C:\Users\gamin\Documents\Final year uni\Comp-3016-30-\beat dungeon\dependencies\SDL_ttf\external\harfbuzz\src\hb-ot-cff1-table.cc(459,64): warning C4244: 'argument': conversion from 'double' to 'float', possible loss of data
  (compiling source file '../external/harfbuzz/src/harfbuzz.cc')
  
C:\Users\gamin\Documents\Final year uni\Comp-3016-30-\beat dungeon\dependencies\SDL_ttf\external\harfbuzz\src\hb-ot-cff1-table.cc(459,105): warning C4244: 'argument': conversion from 'double' to 'float', possible loss of data
  (compiling source file '../external/harfbuzz/src/harfbuzz.cc')
  
C:\Users\gamin\Documents\Final year uni\Comp-3016-30-\beat dungeon\dependencies\SDL_ttf\external\harfbuzz\src\hb-ot-cff1-table.cc(466,64): warning C4244: 'argument': conversion from 'double' to 'float', possible loss of data
  (compiling source file '../external/harfbuzz/src/harfbuzz.cc')
  
C:\Users\gamin\Documents\Final year uni\Comp-3016-30-\beat dungeon\dependencies\SDL_ttf\external\harfbuzz\src\hb-ot-cff1-table.cc(466,105): warning C4244: 'argument': conversion from 'double' to 'float', possible loss of data
  (compiling source file '../external/harfbuzz/src/harfbuzz.cc')
  
C:\Users\gamin\Documents\Final year uni\Comp-3016-30-\beat dungeon\dependencies\SDL_ttf\external\harfbuzz\src\hb-ot-cff1-table.cc(478,66): warning C4244: 'argument': conversion from 'double' to 'float', possible loss of data
  (compiling source file '../external/harfbuzz/src/harfbuzz.cc')
  
C:\Users\gamin\Documents\Final year uni\Comp-3016-30-\beat dungeon\dependencies\SDL_ttf\external\harfbuzz\src\hb-ot-cff1-table.cc(478,108): warning C4244: 'argument': conversion from 'double' to 'float', possible loss of data
  (compiling source file '../external/harfbuzz/src/harfbuzz.cc')
  
C:\Users\gamin\Documents\Final year uni\Comp-3016-30-\beat dungeon\dependencies\SDL_ttf\external\harfbuzz\src\hb-ot-cff1-table.cc(479,44): warning C4244: 'argument': conversion from 'double' to 'float', possible loss of data
  (compiling source file '../external/harfbuzz/src/harfbuzz.cc')
  
C:\Users\gamin\Documents\Final year uni\Comp-3016-30-\beat dungeon\dependencies\SDL_ttf\external\harfbuzz\src\hb-ot-cff1-table.cc(479,86): warning C4244: 'argument': conversion from 'double' to 'float', possible loss of data
  (compiling source file '../external/harfbuzz/src/harfbuzz.cc')
  
C:\Users\gamin\Documents\Final year uni\Comp-3016-30-\beat dungeon\dependencies\SDL_ttf\external\harfbuzz\src\hb-ot-cff1-table.cc(480,44): warning C4244: 'argument': conversion from 'double' to 'float', possible loss of data
  (compiling source file '../external/harfbuzz/src/harfbuzz.cc')
  
C:\Users\gamin\Documents\Final year uni\Comp-3016-30-\beat dungeon\dependencies\SDL_ttf\external\harfbuzz\src\hb-ot-cff1-table.cc(480,86): warning C4244: 'argument': conversion from 'double' to 'float', possible loss of data
  (compiling source file '../external/harfbuzz/src/harfbuzz.cc')
  
C:\Users\gamin\Documents\Final year uni\Comp-3016-30-\beat dungeon\dependencies\SDL_ttf\external\harfbuzz\src\hb-ot-cff2-table.cc(127,26): warning C4244: '=': conversion from 'double' to 'hb_position_t', possible loss of data
  (compiling source file '../external/harfbuzz/src/harfbuzz.cc')
  
C:\Users\gamin\Documents\Final year uni\Comp-3016-30-\beat dungeon\dependencies\SDL_ttf\external\harfbuzz\src\hb-ot-cff2-table.cc(128,22): warning C4244: '=': conversion from 'double' to 'hb_position_t', possible loss of data
  (compiling source file '../external/harfbuzz/src/harfbuzz.cc')
  
C:\Users\gamin\Documents\Final year uni\Comp-3016-30-\beat dungeon\dependencies\SDL_ttf\external\harfbuzz\src\hb-ot-cff2-table.cc(137,26): warning C4244: '=': conversion from 'double' to 'hb_position_t', possible loss of data
  (compiling source file '../external/harfbuzz/src/harfbuzz.cc')
  
C:\Users\gamin\Documents\Final year uni\Comp-3016-30-\beat dungeon\dependencies\SDL_ttf\external\harfbuzz\src\hb-ot-cff2-table.cc(138,23): warning C4244: '=': conversion from 'double' to 'hb_position_t', possible loss of data
  (compiling source file '../external/harfbuzz/src/harfbuzz.cc')
  
C:\Users\gamin\Documents\Final year uni\Comp-3016-30-\beat dungeon\dependencies\SDL_ttf\external\harfbuzz\src\hb-ot-cff2-table.cc(164,60): warning C4244: 'argument': conversion from 'double' to 'float', possible loss of data
  (compiling source file '../external/harfbuzz/src/harfbuzz.cc')
  
C:\Users\gamin\Documents\Final year uni\Comp-3016-30-\beat dungeon\dependencies\SDL_ttf\external\harfbuzz\src\hb-ot-cff2-table.cc(164,97): warning C4244: 'argument': conversion from 'double' to 'float', possible loss of data
  (compiling source file '../external/harfbuzz/src/harfbuzz.cc')
  
C:\Users\gamin\Documents\Final year uni\Comp-3016-30-\beat dungeon\dependencies\SDL_ttf\external\harfbuzz\src\hb-ot-cff2-table.cc(167,60): warning C4244: 'argument': conversion from 'double' to 'float', possible loss of data
  (compiling source file '../external/harfbuzz/src/harfbuzz.cc')
  
C:\Users\gamin\Documents\Final year uni\Comp-3016-30-\beat dungeon\dependencies\SDL_ttf\external\harfbuzz\src\hb-ot-cff2-table.cc(167,97): warning C4244: 'argument': conversion from 'double' to 'float', possible loss of data
  (compiling source file '../external/harfbuzz/src/harfbuzz.cc')
  
C:\Users\gamin\Documents\Final year uni\Comp-3016-30-\beat dungeon\dependencies\SDL_ttf\external\harfbuzz\src\hb-ot-cff2-table.cc(171,62): warning C4244: 'argument': conversion from 'double' to 'float', possible loss of data
  (compiling source file '../external/harfbuzz/src/harfbuzz.cc')
  
C:\Users\gamin\Documents\Final year uni\Comp-3016-30-\beat dungeon\dependencies\SDL_ttf\external\harfbuzz\src\hb-ot-cff2-table.cc(171,100): warning C4244: 'argument': conversion from 'double' to 'float', possible loss of data
  (compiling source file '../external/harfbuzz/src/harfbuzz.cc')
  
C:\Users\gamin\Documents\Final year uni\Comp-3016-30-\beat dungeon\dependencies\SDL_ttf\external\harfbuzz\src\hb-ot-cff2-table.cc(172,40): warning C4244: 'argument': conversion from 'double' to 'float', possible loss of data
  (compiling source file '../external/harfbuzz/src/harfbuzz.cc')
  
C:\Users\gamin\Documents\Final year uni\Comp-3016-30-\beat dungeon\dependencies\SDL_ttf\external\harfbuzz\src\hb-ot-cff2-table.cc(172,78): warning C4244: 'argument': conversion from 'double' to 'float', possible loss of data
  (compiling source file '../external/harfbuzz/src/harfbuzz.cc')
  
C:\Users\gamin\Documents\Final year uni\Comp-3016-30-\beat dungeon\dependencies\SDL_ttf\external\harfbuzz\src\hb-ot-cff2-table.cc(173,40): warning C4244: 'argument': conversion from 'double' to 'float', possible loss of data
  (compiling source file '../external/harfbuzz/src/harfbuzz.cc')
  
C:\Users\gamin\Documents\Final year uni\Comp-3016-30-\beat dungeon\dependencies\SDL_ttf\external\harfbuzz\src\hb-ot-cff2-table.cc(173,78): warning C4244: 'argument': conversion from 'double' to 'float', possible loss of data
  (compiling source file '../external/harfbuzz/src/harfbuzz.cc')
  
C:\Users\gamin\Documents\Final year uni\Comp-3016-30-\beat dungeon\dependencies\SDL_ttf\external\harfbuzz\src\OT\Color\CBDT\CBDT.hh(885,23): warning C4244: '=': conversion from 'float' to 'hb_position_t', possible loss of data
  (compiling source file '../external/harfbuzz/src/harfbuzz.cc')
  
C:\Users\gamin\Documents\Final year uni\Comp-3016-30-\beat dungeon\dependencies\SDL_ttf\external\harfbuzz\src\OT\Color\CBDT\CBDT.hh(886,23): warning C4244: '=': conversion from 'float' to 'hb_position_t', possible loss of data
  (compiling source file '../external/harfbuzz/src/harfbuzz.cc')
  
C:\Users\gamin\Documents\Final year uni\Comp-3016-30-\beat dungeon\dependencies\SDL_ttf\external\harfbuzz\src\OT\Color\CBDT\CBDT.hh(887,19): warning C4244: '=': conversion from 'float' to 'hb_position_t', possible loss of data
  (compiling source file '../external/harfbuzz/src/harfbuzz.cc')
  
C:\Users\gamin\Documents\Final year uni\Comp-3016-30-\beat dungeon\dependencies\SDL_ttf\external\harfbuzz\src\OT\Color\CBDT\CBDT.hh(888,20): warning C4244: '=': conversion from 'float' to 'hb_position_t', possible loss of data
  (compiling source file '../external/harfbuzz/src/harfbuzz.cc')
  
C:\Users\gamin\Documents\Final year uni\Comp-3016-30-\beat dungeon\dependencies\SDL_ttf\external\harfbuzz\src\OT\Color\sbix\sbix.hh(104,32): warning C4244: 'initializing': conversion from '__int64' to 'unsigned int', possible loss of data
  (compiling source file '../external/harfbuzz/src/harfbuzz.cc')
  
C:\Users\gamin\Documents\Final year uni\Comp-3016-30-\beat dungeon\dependencies\SDL_ttf\external\harfbuzz\src\OT\Color\sbix\sbix.hh(347,23): warning C4244: '=': conversion from 'float' to 'hb_position_t', possible loss of data
  (compiling source file '../external/harfbuzz/src/harfbuzz.cc')
  
C:\Users\gamin\Documents\Final year uni\Comp-3016-30-\beat dungeon\dependencies\SDL_ttf\external\harfbuzz\src\OT\Color\sbix\sbix.hh(348,23): warning C4244: '=': conversion from 'float' to 'hb_position_t', possible loss of data
  (compiling source file '../external/harfbuzz/src/harfbuzz.cc')
  
C:\Users\gamin\Documents\Final year uni\Comp-3016-30-\beat dungeon\dependencies\SDL_ttf\external\harfbuzz\src\OT\Color\sbix\sbix.hh(349,19): warning C4244: '=': conversion from 'float' to 'hb_position_t', possible loss of data
  (compiling source file '../external/harfbuzz/src/harfbuzz.cc')
  
C:\Users\gamin\Documents\Final year uni\Comp-3016-30-\beat dungeon\dependencies\SDL_ttf\external\harfbuzz\src\OT\Color\sbix\sbix.hh(350,20): warning C4244: '=': conversion from 'float' to 'hb_position_t', possible loss of data
  (compiling source file '../external/harfbuzz/src/harfbuzz.cc')
  
C:\Users\gamin\Documents\Final year uni\Comp-3016-30-\beat dungeon\dependencies\SDL_ttf\external\harfbuzz\src\hb-ot-post-table.hh(119,26): warning C4244: 'initializing': conversion from 'T' to 'float', possible loss of data
C:\Users\gamin\Documents\Final year uni\Comp-3016-30-\beat dungeon\dependencies\SDL_ttf\external\harfbuzz\src\hb-ot-post-table.hh(119,26): warning C4244:         with
C:\Users\gamin\Documents\Final year uni\Comp-3016-30-\beat dungeon\dependencies\SDL_ttf\external\harfbuzz\src\hb-ot-post-table.hh(119,26): warning C4244:         [
C:\Users\gamin\Documents\Final year uni\Comp-3016-30-\beat dungeon\dependencies\SDL_ttf\external\harfbuzz\src\hb-ot-post-table.hh(119,26): warning C4244:             T=double
C:\Users\gamin\Documents\Final year uni\Comp-3016-30-\beat dungeon\dependencies\SDL_ttf\external\harfbuzz\src\hb-ot-post-table.hh(119,26): warning C4244:         ]
  (compiling source file '../external/harfbuzz/src/harfbuzz.cc')
  
C:\Users\gamin\Documents\Final year uni\Comp-3016-30-\beat dungeon\dependencies\SDL_ttf\external\harfbuzz\src\hb-ot-post-table.hh(182,33): warning C4267: '=': conversion from 'size_t' to 'int', possible loss of data
  (compiling source file '../external/harfbuzz/src/harfbuzz.cc')
  
C:\Users\gamin\Documents\Final year uni\Comp-3016-30-\beat dungeon\dependencies\SDL_ttf\external\harfbuzz\src\hb-ot-font.cc(540,45): warning C4244: 'argument': conversion from 'int32_t' to 'float', possible loss of data
  (compiling source file '../external/harfbuzz/src/harfbuzz.cc')
  
C:\Users\gamin\Documents\Final year uni\Comp-3016-30-\beat dungeon\dependencies\SDL_ttf\external\harfbuzz\src\hb-ot-font.cc(540,27): warning C4244: 'argument': conversion from 'int32_t' to 'float', possible loss of data
  (compiling source file '../external/harfbuzz/src/harfbuzz.cc')
  
C:\Users\gamin\Documents\Final year uni\Comp-3016-30-\beat dungeon\dependencies\SDL_ttf\external\harfbuzz\src\hb-ot-layout.cc(520,63): warning C4244: 'argument': conversion from '__int64' to 'unsigned int', possible loss of data
  (compiling source file '../external/harfbuzz/src/harfbuzz.cc')
  
C:\Users\gamin\Documents\Final year uni\Comp-3016-30-\beat dungeon\dependencies\SDL_ttf\external\harfbuzz\src\hb-ot-metrics.cc(50,17): warning C4244: 'return': conversion from 'double' to 'float', possible loss of data
  (compiling source file '../external/harfbuzz/src/harfbuzz.cc')
  
C:\Users\gamin\Documents\Final year uni\Comp-3016-30-\beat dungeon\dependencies\SDL_ttf\external\harfbuzz\src\hb-ot-metrics.cc(53,12): warning C4244: 'return': conversion from 'double' to 'float', possible loss of data
  (compiling source file '../external/harfbuzz/src/harfbuzz.cc')
  
C:\Users\gamin\Documents\Final year uni\Comp-3016-30-\beat dungeon\dependencies\SDL_ttf\external\harfbuzz\src\hb-ot-metrics.cc(199,17): warning C4244: '+=': conversion from 'float' to 'hb_position_t', possible loss of data
  (compiling source file '../external/harfbuzz/src/harfbuzz.cc')
  
C:\Users\gamin\Documents\Final year uni\Comp-3016-30-\beat dungeon\dependencies\SDL_ttf\external\harfbuzz\src\hb-ot-tag.cc(313,24): warning C4244: 'initializing': conversion from '__int64' to 'unsigned int', possible loss of data
  (compiling source file '../external/harfbuzz/src/harfbuzz.cc')
  
C:\Users\gamin\Documents\Final year uni\Comp-3016-30-\beat dungeon\dependencies\SDL_ttf\external\harfbuzz\src\hb-ot-tag.cc(357,47): warning C4244: 'argument': conversion from '__int64' to 'int', possible loss of data
  (compiling source file '../external/harfbuzz/src/harfbuzz.cc')
  
C:\Users\gamin\Documents\Final year uni\Comp-3016-30-\beat dungeon\dependencies\SDL_ttf\external\harfbuzz\src\hb-ot-tag.cc(613,53): warning C4267: 'argument': conversion from 'size_t' to 'int', possible loss of data
  (compiling source file '../external/harfbuzz/src/harfbuzz.cc')
  
C:\Users\gamin\Documents\Final year uni\Comp-3016-30-\beat dungeon\dependencies\SDL_ttf\external\harfbuzz\src\hb-style.cc(100,42): warning C4244: 'return': conversion from 'int' to 'float', possible loss of data
  (compiling source file '../external/harfbuzz/src/harfbuzz.cc')
  
C:\Users\gamin\Documents\Final year uni\Comp-3016-30-\beat dungeon\dependencies\SDL_ttf\external\harfbuzz\src\hb-style.cc(126,38): warning C4244: 'return': conversion from 'int' to 'float', possible loss of data
  (compiling source file '../external/harfbuzz/src/harfbuzz.cc')
  
C:\Users\gamin\Documents\Final year uni\Comp-3016-30-\beat dungeon\dependencies\SDL_ttf\external\harfbuzz\src\hb-ms-feature-ranges.hh(156,34): warning C4312: 'reinterpret_cast': conversion from 'unsigned int' to 'hb_ms_feature_t *' of greater size
  (compiling source file '../external/harfbuzz/src/harfbuzz.cc')
  
C:\Users\gamin\Documents\Final year uni\Comp-3016-30-\beat dungeon\dependencies\SDL_ttf\external\harfbuzz\src\hb-ms-feature-ranges.hh(172,49): warning C4244: 'argument': conversion from '__int64' to 'unsigned int', possible loss of data
  (compiling source file '../external/harfbuzz/src/harfbuzz.cc')
  
C:\Users\gamin\Documents\Final year uni\Comp-3016-30-\beat dungeon\dependencies\SDL_ttf\external\harfbuzz\src\hb-uniscribe.cc(873,29): warning C4244: '=': conversion from 'double' to 'hb_position_t', possible loss of data
  (compiling source file '../external/harfbuzz/src/harfbuzz.cc')
  
C:\Users\gamin\Documents\Final year uni\Comp-3016-30-\beat dungeon\dependencies\SDL_ttf\external\harfbuzz\src\hb-uniscribe.cc(874,28): warning C4244: '=': conversion from 'double' to 'hb_position_t', possible loss of data
  (compiling source file '../external/harfbuzz/src/harfbuzz.cc')
  
C:\Users\gamin\Documents\Final year uni\Comp-3016-30-\beat dungeon\dependencies\SDL_ttf\external\harfbuzz\src\hb-uniscribe.cc(875,28): warning C4244: '=': conversion from 'double' to 'hb_position_t', possible loss of data
  (compiling source file '../external/harfbuzz/src/harfbuzz.cc')
  
C:\Users\gamin\Documents\Final year uni\Comp-3016-30-\beat dungeon\dependencies\SDL_ttf\external\harfbuzz\src\hb-ot-hmtx-table.hh(409,17): warning C4244: 'return': conversion from 'float' to 'unsigned int', possible loss of data
  (compiling source file '../external/harfbuzz/src/harfbuzz.cc')
  C:\Users\gamin\Documents\Final year uni\Comp-3016-30-\beat dungeon\dependencies\SDL_ttf\external\harfbuzz\src\hb-ot-hmtx-table.hh(409,17):
  the template instantiation context (the oldest one first) is
  	C:\Users\gamin\Documents\Final year uni\Comp-3016-30-\beat dungeon\dependencies\SDL_ttf\external\harfbuzz\src\hb-ot-hmtx-table.hh(494,49):
  	see reference to class template instantiation 'OT::hmtxvmtx<OT::vmtx,OT::vhea,OT::VVAR>::accelerator_t' being compiled
  	C:\Users\gamin\Documents\Final year uni\Comp-3016-30-\beat dungeon\dependencies\SDL_ttf\external\harfbuzz\src\hb-ot-hmtx-table.hh(398,14):
  	while compiling class template member function 'unsigned int OT::hmtxvmtx<OT::vmtx,OT::vhea,OT::VVAR>::accelerator_t::get_advance_with_var_unscaled(hb_codepoint_t,hb_font_t *,OT::ItemVariationStore::cache_t *) const'
  		C:\Users\gamin\Documents\Final year uni\Comp-3016-30-\beat dungeon\dependencies\SDL_ttf\external\harfbuzz\src\hb-ot-font.cc(324,22):
  		see the first reference to 'OT::hmtxvmtx<OT::vmtx,OT::vhea,OT::VVAR>::accelerator_t::get_advance_with_var_unscaled' in 'hb_ot_get_glyph_v_advances'
  
C:\Users\gamin\Documents\Final year uni\Comp-3016-30-\beat dungeon\dependencies\SDL_ttf\external\harfbuzz\src\hb-ot-hmtx-table.hh(357,10): warning C4244: '+=': conversion from 'float' to 'int', possible loss of data
  (compiling source file '../external/harfbuzz/src/harfbuzz.cc')
  C:\Users\gamin\Documents\Final year uni\Comp-3016-30-\beat dungeon\dependencies\SDL_ttf\external\harfbuzz\src\hb-ot-hmtx-table.hh(357,10):
  the template instantiation context (the oldest one first) is
  	C:\Users\gamin\Documents\Final year uni\Comp-3016-30-\beat dungeon\dependencies\SDL_ttf\external\harfbuzz\src\hb-ot-hmtx-table.hh(345,10):
  	while compiling class template member function 'bool OT::hmtxvmtx<OT::vmtx,OT::vhea,OT::VVAR>::accelerator_t::get_leading_bearing_with_var_unscaled(hb_font_t *,hb_codepoint_t,int *) const'
  		C:\Users\gamin\Documents\Final year uni\Comp-3016-30-\beat dungeon\dependencies\SDL_ttf\external\harfbuzz\src\hb-ot-font.cc(398,5):
  		see the first reference to 'OT::hmtxvmtx<OT::vmtx,OT::vhea,OT::VVAR>::accelerator_t::get_leading_bearing_with_var_unscaled' in 'hb_ot_get_glyph_v_origin'
  
C:\Users\gamin\Documents\Final year uni\Comp-3016-30-\beat dungeon\dependencies\SDL_ttf\external\harfbuzz\src\hb-open-type.hh(155,40): warning C4244: 'argument': conversion from 'float' to 'Type', possible loss of data
C:\Users\gamin\Documents\Final year uni\Comp-3016-30-\beat dungeon\dependencies\SDL_ttf\external\harfbuzz\src\hb-open-type.hh(155,40): warning C4244:         with
C:\Users\gamin\Documents\Final year uni\Comp-3016-30-\beat dungeon\dependencies\SDL_ttf\external\harfbuzz\src\hb-open-type.hh(155,40): warning C4244:         [
C:\Users\gamin\Documents\Final year uni\Comp-3016-30-\beat dungeon\dependencies\SDL_ttf\external\harfbuzz\src\hb-open-type.hh(155,40): warning C4244:             Type=int32_t
C:\Users\gamin\Documents\Final year uni\Comp-3016-30-\beat dungeon\dependencies\SDL_ttf\external\harfbuzz\src\hb-open-type.hh(155,40): warning C4244:         ]
  (compiling source file '../external/harfbuzz/src/harfbuzz.cc')
  C:\Users\gamin\Documents\Final year uni\Comp-3016-30-\beat dungeon\dependencies\SDL_ttf\external\harfbuzz\src\hb-open-type.hh(155,40):
  the template instantiation context (the oldest one first) is
  	C:\Users\gamin\Documents\Final year uni\Comp-3016-30-\beat dungeon\dependencies\SDL_ttf\external\harfbuzz\src\hb-aat-layout-just-table.hh(73,12):
  	see reference to class template instantiation 'OT::HBFixed<OT::HBINT32,16>' being compiled
  	C:\Users\gamin\Documents\Final year uni\Comp-3016-30-\beat dungeon\dependencies\SDL_ttf\external\harfbuzz\src\hb-open-type.hh(155,8):
  	while compiling class template member function 'void OT::HBFixed<OT::HBINT32,16>::set_float(float)'
  		C:\Users\gamin\Documents\Final year uni\Comp-3016-30-\beat dungeon\dependencies\SDL_ttf\external\harfbuzz\src\OT\Color\COLR\COLR.hh(587,25):
  		see the first reference to 'OT::HBFixed<OT::HBINT32,16>::set_float' in 'OT::Affine2x3::subset'
  
C:\Users\gamin\Documents\Final year uni\Comp-3016-30-\beat dungeon\dependencies\SDL_ttf\external\harfbuzz\src\hb-open-type.hh(155,40): warning C4244: 'argument': conversion from 'float' to 'Type', possible loss of data
C:\Users\gamin\Documents\Final year uni\Comp-3016-30-\beat dungeon\dependencies\SDL_ttf\external\harfbuzz\src\hb-open-type.hh(155,40): warning C4244:         with
C:\Users\gamin\Documents\Final year uni\Comp-3016-30-\beat dungeon\dependencies\SDL_ttf\external\harfbuzz\src\hb-open-type.hh(155,40): warning C4244:         [
C:\Users\gamin\Documents\Final year uni\Comp-3016-30-\beat dungeon\dependencies\SDL_ttf\external\harfbuzz\src\hb-open-type.hh(155,40): warning C4244:             Type=int16_t
C:\Users\gamin\Documents\Final year uni\Comp-3016-30-\beat dungeon\dependencies\SDL_ttf\external\harfbuzz\src\hb-open-type.hh(155,40): warning C4244:         ]
  (compiling source file '../external/harfbuzz/src/harfbuzz.cc')
  C:\Users\gamin\Documents\Final year uni\Comp-3016-30-\beat dungeon\dependencies\SDL_ttf\external\harfbuzz\src\hb-open-type.hh(155,40):
  the template instantiation context (the oldest one first) is
  	C:\Users\gamin\Documents\Final year uni\Comp-3016-30-\beat dungeon\dependencies\SDL_ttf\external\harfbuzz\src\hb-ot-layout-common.hh(2508,11):
  	see reference to class template instantiation 'OT::HBFixed<OT::HBINT16,14>' being compiled
  	C:\Users\gamin\Documents\Final year uni\Comp-3016-30-\beat dungeon\dependencies\SDL_ttf\external\harfbuzz\src\hb-open-type.hh(155,8):
  	while compiling class template member function 'void OT::HBFixed<OT::HBINT16,14>::set_float(float)'
  		C:\Users\gamin\Documents\Final year uni\Comp-3016-30-\beat dungeon\dependencies\SDL_ttf\external\harfbuzz\src\hb-ot-layout-common.hh(2590,47):
  		see the first reference to 'OT::HBFixed<OT::HBINT16,14>::set_float' in 'OT::VarRegionList::serialize'
  
C:\Users\gamin\Documents\Final year uni\Comp-3016-30-\beat dungeon\dependencies\SDL_ttf\external\harfbuzz\src\hb-vector.hh(50,21): warning C4267: 'argument': conversion from 'size_t' to 'unsigned int', possible loss of data
  (compiling source file '../external/harfbuzz/src/harfbuzz.cc')
  C:\Users\gamin\Documents\Final year uni\Comp-3016-30-\beat dungeon\dependencies\SDL_ttf\external\harfbuzz\src\hb-vector.hh(50,21):
  the template instantiation context (the oldest one first) is
  	C:\Users\gamin\Documents\Final year uni\Comp-3016-30-\beat dungeon\dependencies\SDL_ttf\external\harfbuzz\src\hb-bit-set.hh(294,29):
  	see reference to class template instantiation 'hb_vector_t<unsigned int,false>' being compiled
  	C:\Users\gamin\Documents\Final year uni\Comp-3016-30-\beat dungeon\dependencies\SDL_ttf\external\harfbuzz\src\hb-vector.hh(48,3):
  	while compiling class template member function 'hb_vector_t<unsigned int,false>::hb_vector_t(std::initializer_list<Type>)'
          with
          [
              Type=unsigned int
          ]
  		C:\Users\gamin\Documents\Final year uni\Comp-3016-30-\beat dungeon\dependencies\SDL_ttf\external\harfbuzz\src\hb-multimap.hh(54,21):
  		see the first reference to 'hb_vector_t<unsigned int,false>::hb_vector_t' in 'hb_multimap_t::add'
  
C:\Users\gamin\Documents\Final year uni\Comp-3016-30-\beat dungeon\dependencies\SDL_ttf\external\harfbuzz\src\hb-algs.hh(762,15): warning C4244: '=': conversion from 'T' to 'uint32_t', possible loss of data
C:\Users\gamin\Documents\Final year uni\Comp-3016-30-\beat dungeon\dependencies\SDL_ttf\external\harfbuzz\src\hb-algs.hh(762,15): warning C4244:         with
C:\Users\gamin\Documents\Final year uni\Comp-3016-30-\beat dungeon\dependencies\SDL_ttf\external\harfbuzz\src\hb-algs.hh(762,15): warning C4244:         [
C:\Users\gamin\Documents\Final year uni\Comp-3016-30-\beat dungeon\dependencies\SDL_ttf\external\harfbuzz\src\hb-algs.hh(762,15): warning C4244:             T=hb_bit_page_t::elt_t
C:\Users\gamin\Documents\Final year uni\Comp-3016-30-\beat dungeon\dependencies\SDL_ttf\external\harfbuzz\src\hb-algs.hh(762,15): warning C4244:         ]
  (compiling source file '../external/harfbuzz/src/harfbuzz.cc')
  C:\Users\gamin\Documents\Final year uni\Comp-3016-30-\beat dungeon\dependencies\SDL_ttf\external\harfbuzz\src\hb-algs.hh(762,15):
  the template instantiation context (the oldest one first) is
  	C:\Users\gamin\Documents\Final year uni\Comp-3016-30-\beat dungeon\dependencies\SDL_ttf\external\harfbuzz\src\hb-bit-page.hh(249,67):
  	see reference to function template instantiation 'unsigned int hb_popcount<hb_bit_page_t::elt_t>(T)' being compiled
          with
          [
              T=hb_bit_page_t::elt_t
          ]
  
C:\Users\gamin\Documents\Final year uni\Comp-3016-30-\beat dungeon\dependencies\SDL_ttf\external\harfbuzz\src\hb-algs.hh(888,30): warning C4244: 'argument': conversion from 'T' to 'unsigned long', possible loss of data
C:\Users\gamin\Documents\Final year uni\Comp-3016-30-\beat dungeon\dependencies\SDL_ttf\external\harfbuzz\src\hb-algs.hh(888,30): warning C4244:         with
C:\Users\gamin\Documents\Final year uni\Comp-3016-30-\beat dungeon\dependencies\SDL_ttf\external\harfbuzz\src\hb-algs.hh(888,30): warning C4244:         [
C:\Users\gamin\Documents\Final year uni\Comp-3016-30-\beat dungeon\dependencies\SDL_ttf\external\harfbuzz\src\hb-algs.hh(888,30): warning C4244:             T=hb_bit_page_t::elt_t
C:\Users\gamin\Documents\Final year uni\Comp-3016-30-\beat dungeon\dependencies\SDL_ttf\external\harfbuzz\src\hb-algs.hh(888,30): warning C4244:         ]
  (compiling source file '../external/harfbuzz/src/harfbuzz.cc')
  C:\Users\gamin\Documents\Final year uni\Comp-3016-30-\beat dungeon\dependencies\SDL_ttf\external\harfbuzz\src\hb-algs.hh(888,30):
  the template instantiation context (the oldest one first) is
  	C:\Users\gamin\Documents\Final year uni\Comp-3016-30-\beat dungeon\dependencies\SDL_ttf\external\harfbuzz\src\hb-bit-page.hh(331,63):
  	see reference to function template instantiation 'unsigned int hb_ctz<hb_bit_page_t::elt_t>(T)' being compiled
          with
          [
              T=hb_bit_page_t::elt_t
          ]
  
C:\Users\gamin\Documents\Final year uni\Comp-3016-30-\beat dungeon\dependencies\SDL_ttf\external\harfbuzz\src\hb-algs.hh(810,30): warning C4244: 'argument': conversion from 'T' to 'unsigned long', possible loss of data
C:\Users\gamin\Documents\Final year uni\Comp-3016-30-\beat dungeon\dependencies\SDL_ttf\external\harfbuzz\src\hb-algs.hh(810,30): warning C4244:         with
C:\Users\gamin\Documents\Final year uni\Comp-3016-30-\beat dungeon\dependencies\SDL_ttf\external\harfbuzz\src\hb-algs.hh(810,30): warning C4244:         [
C:\Users\gamin\Documents\Final year uni\Comp-3016-30-\beat dungeon\dependencies\SDL_ttf\external\harfbuzz\src\hb-algs.hh(810,30): warning C4244:             T=hb_bit_page_t::elt_t
C:\Users\gamin\Documents\Final year uni\Comp-3016-30-\beat dungeon\dependencies\SDL_ttf\external\harfbuzz\src\hb-algs.hh(810,30): warning C4244:         ]
  (compiling source file '../external/harfbuzz/src/harfbuzz.cc')
  C:\Users\gamin\Documents\Final year uni\Comp-3016-30-\beat dungeon\dependencies\SDL_ttf\external\harfbuzz\src\hb-algs.hh(810,30):
  the template instantiation context (the oldest one first) is
  	C:\Users\gamin\Documents\Final year uni\Comp-3016-30-\beat dungeon\dependencies\SDL_ttf\external\harfbuzz\src\hb-bit-page.hh(332,63):
  	see reference to function template instantiation 'unsigned int hb_bit_storage<hb_bit_page_t::elt_t>(T)' being compiled
          with
          [
              T=hb_bit_page_t::elt_t
          ]
  
C:\Users\gamin\Documents\Final year uni\Comp-3016-30-\beat dungeon\dependencies\SDL_ttf\external\harfbuzz\src\hb-serialize.hh(672,33): warning C4267: 'argument': conversion from 'size_t' to 'unsigned int', possible loss of data
  (compiling source file '../external/harfbuzz/src/harfbuzz.cc')
  C:\Users\gamin\Documents\Final year uni\Comp-3016-30-\beat dungeon\dependencies\SDL_ttf\external\harfbuzz\src\hb-serialize.hh(672,33):
  the template instantiation context (the oldest one first) is
  	C:\Users\gamin\Documents\Final year uni\Comp-3016-30-\beat dungeon\dependencies\SDL_ttf\external\harfbuzz\src\hb-serialize.hh(625,14):
  	see reference to function template instantiation 'Type *hb_serialize_context_t::allocate_size<void>(size_t,bool)' being compiled
          with
          [
              Type=void
          ]
  
C:\Users\gamin\Documents\Final year uni\Comp-3016-30-\beat dungeon\dependencies\SDL_ttf\external\harfbuzz\src\hb-serialize.hh(560,41): warning C4244: '=': conversion from '__int64' to 'unsigned int', possible loss of data
  (compiling source file '../external/harfbuzz/src/harfbuzz.cc')
  C:\Users\gamin\Documents\Final year uni\Comp-3016-30-\beat dungeon\dependencies\SDL_ttf\external\harfbuzz\src\hb-serialize.hh(560,41):
  the template instantiation context (the oldest one first) is
  	C:\Users\gamin\Documents\Final year uni\Comp-3016-30-\beat dungeon\dependencies\SDL_ttf\external\harfbuzz\src\hb-ot-layout-common.hh(1207,15):
  	see reference to function template instantiation 'void hb_serialize_context_t::add_link<OT::OffsetTo<OT::LangSys,OT::HBUINT16,void,true>>(T &,hb_serialize_context_t::objidx_t,hb_serialize_context_t::whence_t,unsigned int)' being compiled
          with
          [
              T=OT::OffsetTo<OT::LangSys,OT::HBUINT16,void,true>
          ]
  
C:\Users\gamin\Documents\Final year uni\Comp-3016-30-\beat dungeon\dependencies\SDL_ttf\external\harfbuzz\src\hb-buffer.cc(1779,30): warning C4244: 'argument': conversion from '__int64' to 'unsigned int', possible loss of data
  (compiling source file '../external/harfbuzz/src/harfbuzz.cc')
  C:\Users\gamin\Documents\Final year uni\Comp-3016-30-\beat dungeon\dependencies\SDL_ttf\external\harfbuzz\src\hb-buffer.cc(1779,30):
  the template instantiation context (the oldest one first) is
  	C:\Users\gamin\Documents\Final year uni\Comp-3016-30-\beat dungeon\dependencies\SDL_ttf\external\harfbuzz\src\hb-buffer.cc(1819,3):
  	see reference to function template instantiation 'void hb_buffer_add_utf<hb_utf8_t>(hb_buffer_t *,const hb_utf8_t::codepoint_t *,int,unsigned int,int)' being compiled
  
C:\Users\gamin\Documents\Final year uni\Comp-3016-30-\beat dungeon\dependencies\SDL_ttf\external\harfbuzz\src\hb-serialize.hh(279,30): warning C4244: 'argument': conversion from 'T2' to 'Type', possible loss of data
C:\Users\gamin\Documents\Final year uni\Comp-3016-30-\beat dungeon\dependencies\SDL_ttf\external\harfbuzz\src\hb-serialize.hh(279,30): warning C4244:         with
C:\Users\gamin\Documents\Final year uni\Comp-3016-30-\beat dungeon\dependencies\SDL_ttf\external\harfbuzz\src\hb-serialize.hh(279,30): warning C4244:         [
C:\Users\gamin\Documents\Final year uni\Comp-3016-30-\beat dungeon\dependencies\SDL_ttf\external\harfbuzz\src\hb-serialize.hh(279,30): warning C4244:             T2=float
C:\Users\gamin\Documents\Final year uni\Comp-3016-30-\beat dungeon\dependencies\SDL_ttf\external\harfbuzz\src\hb-serialize.hh(279,30): warning C4244:         ]
C:\Users\gamin\Documents\Final year uni\Comp-3016-30-\beat dungeon\dependencies\SDL_ttf\external\harfbuzz\src\hb-serialize.hh(279,30): warning C4244:         and
C:\Users\gamin\Documents\Final year uni\Comp-3016-30-\beat dungeon\dependencies\SDL_ttf\external\harfbuzz\src\hb-serialize.hh(279,30): warning C4244:         [
C:\Users\gamin\Documents\Final year uni\Comp-3016-30-\beat dungeon\dependencies\SDL_ttf\external\harfbuzz\src\hb-serialize.hh(279,30): warning C4244:             Type=int16_t
C:\Users\gamin\Documents\Final year uni\Comp-3016-30-\beat dungeon\dependencies\SDL_ttf\external\harfbuzz\src\hb-serialize.hh(279,30): warning C4244:         ]
  (compiling source file '../external/harfbuzz/src/harfbuzz.cc')
  C:\Users\gamin\Documents\Final year uni\Comp-3016-30-\beat dungeon\dependencies\SDL_ttf\external\harfbuzz\src\hb-serialize.hh(279,30):
  the template instantiation context (the oldest one first) is
  	C:\Users\gamin\Documents\Final year uni\Comp-3016-30-\beat dungeon\dependencies\SDL_ttf\external\harfbuzz\src\hb-ot-os2-table.hh(241,7):
  	see reference to function template instantiation 'bool hb_serialize_context_t::check_assign<OT::HBINT16,float>(T1 &,T2 &&,hb_serialize_error_t)' being compiled
          with
          [
              T1=OT::HBINT16,
              T2=float
          ]
  
C:\Users\gamin\Documents\Final year uni\Comp-3016-30-\beat dungeon\dependencies\SDL_ttf\external\harfbuzz\src\hb-serialize.hh(279,30): warning C4244: 'argument': conversion from 'T2' to 'Type', possible loss of data
C:\Users\gamin\Documents\Final year uni\Comp-3016-30-\beat dungeon\dependencies\SDL_ttf\external\harfbuzz\src\hb-serialize.hh(279,30): warning C4244:         with
C:\Users\gamin\Documents\Final year uni\Comp-3016-30-\beat dungeon\dependencies\SDL_ttf\external\harfbuzz\src\hb-serialize.hh(279,30): warning C4244:         [
C:\Users\gamin\Documents\Final year uni\Comp-3016-30-\beat dungeon\dependencies\SDL_ttf\external\harfbuzz\src\hb-serialize.hh(279,30): warning C4244:             T2=float
C:\Users\gamin\Documents\Final year uni\Comp-3016-30-\beat dungeon\dependencies\SDL_ttf\external\harfbuzz\src\hb-serialize.hh(279,30): warning C4244:         ]
C:\Users\gamin\Documents\Final year uni\Comp-3016-30-\beat dungeon\dependencies\SDL_ttf\external\harfbuzz\src\hb-serialize.hh(279,30): warning C4244:         and
C:\Users\gamin\Documents\Final year uni\Comp-3016-30-\beat dungeon\dependencies\SDL_ttf\external\harfbuzz\src\hb-serialize.hh(279,30): warning C4244:         [
C:\Users\gamin\Documents\Final year uni\Comp-3016-30-\beat dungeon\dependencies\SDL_ttf\external\harfbuzz\src\hb-serialize.hh(279,30): warning C4244:             Type=uint16_t
C:\Users\gamin\Documents\Final year uni\Comp-3016-30-\beat dungeon\dependencies\SDL_ttf\external\harfbuzz\src\hb-serialize.hh(279,30): warning C4244:         ]
  (compiling source file '../external/harfbuzz/src/harfbuzz.cc')
  C:\Users\gamin\Documents\Final year uni\Comp-3016-30-\beat dungeon\dependencies\SDL_ttf\external\harfbuzz\src\hb-serialize.hh(279,30):
  the template instantiation context (the oldest one first) is
  	C:\Users\gamin\Documents\Final year uni\Comp-3016-30-\beat dungeon\dependencies\SDL_ttf\external\harfbuzz\src\hb-ot-os2-table.hh(244,7):
  	see reference to function template instantiation 'bool hb_serialize_context_t::check_assign<OT::HBUINT16,float>(T1 &,T2 &&,hb_serialize_error_t)' being compiled
          with
          [
              T1=OT::HBUINT16,
              T2=float
          ]
  
C:\Users\gamin\Documents\Final year uni\Comp-3016-30-\beat dungeon\dependencies\SDL_ttf\external\harfbuzz\src\hb-ot-var-gvar-table.hh(378,48): warning C4244: 'argument': conversion from '__int64' to 'unsigned int', possible loss of data
  (compiling source file '../external/harfbuzz/src/harfbuzz.cc')
  C:\Users\gamin\Documents\Final year uni\Comp-3016-30-\beat dungeon\dependencies\SDL_ttf\external\harfbuzz\src\hb-ot-var-gvar-table.hh(378,48):
  the template instantiation context (the oldest one first) is
  	C:\Users\gamin\Documents\Final year uni\Comp-3016-30-\beat dungeon\dependencies\SDL_ttf\external\harfbuzz\src\hb-ot-var-gvar-table.hh(408,5):
  	see reference to function template instantiation 'bool OT::gvar::serialize<hb_sorted_array_t<const Type>,0x0>(hb_serialize_context_t *,const OT::glyph_variations_t &,Iterator,unsigned int,unsigned int,bool) const' being compiled
          with
          [
              Type=hb_codepoint_pair_t,
              Iterator=hb_sorted_array_t<const hb_codepoint_pair_t>
          ]
  
C:\Users\gamin\Documents\Final year uni\Comp-3016-30-\beat dungeon\dependencies\SDL_ttf\external\harfbuzz\src\hb-ot-var-gvar-table.hh(383,33): warning C4244: 'argument': conversion from '__int64' to 'unsigned int', possible loss of data
  (compiling source file '../external/harfbuzz/src/harfbuzz.cc')
  
C:\Users\gamin\Documents\Final year uni\Comp-3016-30-\beat dungeon\dependencies\SDL_ttf\external\harfbuzz\src\OT\glyf\Glyph.hh(432,34): warning C4244: '=': conversion from 'int' to 'float', possible loss of data
  (compiling source file '../external/harfbuzz/src/harfbuzz.cc')
  C:\Users\gamin\Documents\Final year uni\Comp-3016-30-\beat dungeon\dependencies\SDL_ttf\external\harfbuzz\src\OT\glyf\Glyph.hh(432,34):
  the template instantiation context (the oldest one first) is
  	C:\Users\gamin\Documents\Final year uni\Comp-3016-30-\beat dungeon\dependencies\SDL_ttf\external\harfbuzz\src\OT\glyf\Glyph.hh(288,10):
  	see reference to function template instantiation 'bool OT::glyf_impl::Glyph::get_points<OT::glyf_accelerator_t>(hb_font_t *,const accelerator_t &,contour_point_vector_t &,contour_point_vector_t *,head_maxp_info_t *,unsigned int *,bool,bool,bool,hb_array_t<Type>,hb_map_t *,unsigned int,unsigned int *) const' being compiled
          with
          [
              accelerator_t=OT::glyf_accelerator_t,
              Type=int
          ]
  
C:\Users\gamin\Documents\Final year uni\Comp-3016-30-\beat dungeon\dependencies\SDL_ttf\external\harfbuzz\src\OT\glyf\Glyph.hh(433,47): warning C4244: '=': conversion from 'int' to 'float', possible loss of data
  (compiling source file '../external/harfbuzz/src/harfbuzz.cc')
  
C:\Users\gamin\Documents\Final year uni\Comp-3016-30-\beat dungeon\dependencies\SDL_ttf\external\harfbuzz\src\OT\glyf\Glyph.hh(434,33): warning C4244: '=': conversion from 'int' to 'float', possible loss of data
  (compiling source file '../external/harfbuzz/src/harfbuzz.cc')
  
C:\Users\gamin\Documents\Final year uni\Comp-3016-30-\beat dungeon\dependencies\SDL_ttf\external\harfbuzz\src\OT\glyf\Glyph.hh(435,43): warning C4244: '=': conversion from 'int' to 'float', possible loss of data
  (compiling source file '../external/harfbuzz/src/harfbuzz.cc')
  
C:\Users\gamin\Documents\Final year uni\Comp-3016-30-\beat dungeon\dependencies\SDL_ttf\external\harfbuzz\src\OT\glyf\Glyph.hh(630,13): warning C4244: 'initializing': conversion from 'float' to 'int', possible loss of data
  (compiling source file '../external/harfbuzz/src/harfbuzz.cc')
  
C:\Users\gamin\Documents\Final year uni\Comp-3016-30-\beat dungeon\dependencies\SDL_ttf\external\harfbuzz\src\hb-vector.hh(223,25): warning C4244: 'initializing': conversion from '_Ty' to 'Type', possible loss of data
C:\Users\gamin\Documents\Final year uni\Comp-3016-30-\beat dungeon\dependencies\SDL_ttf\external\harfbuzz\src\hb-vector.hh(223,25): warning C4244:         with
C:\Users\gamin\Documents\Final year uni\Comp-3016-30-\beat dungeon\dependencies\SDL_ttf\external\harfbuzz\src\hb-vector.hh(223,25): warning C4244:         [
C:\Users\gamin\Documents\Final year uni\Comp-3016-30-\beat dungeon\dependencies\SDL_ttf\external\harfbuzz\src\hb-vector.hh(223,25): warning C4244:             _Ty=__int64
C:\Users\gamin\Documents\Final year uni\Comp-3016-30-\beat dungeon\dependencies\SDL_ttf\external\harfbuzz\src\hb-vector.hh(223,25): warning C4244:         ]
C:\Users\gamin\Documents\Final year uni\Comp-3016-30-\beat dungeon\dependencies\SDL_ttf\external\harfbuzz\src\hb-vector.hh(223,25): warning C4244:         and
C:\Users\gamin\Documents\Final year uni\Comp-3016-30-\beat dungeon\dependencies\SDL_ttf\external\harfbuzz\src\hb-vector.hh(223,25): warning C4244:         [
C:\Users\gamin\Documents\Final year uni\Comp-3016-30-\beat dungeon\dependencies\SDL_ttf\external\harfbuzz\src\hb-vector.hh(223,25): warning C4244:             Type=unsigned int
C:\Users\gamin\Documents\Final year uni\Comp-3016-30-\beat dungeon\dependencies\SDL_ttf\external\harfbuzz\src\hb-vector.hh(223,25): warning C4244:         ]
  (compiling source file '../external/harfbuzz/src/harfbuzz.cc')
  C:\Users\gamin\Documents\Final year uni\Comp-3016-30-\beat dungeon\dependencies\SDL_ttf\external\harfbuzz\src\hb-vector.hh(223,25):
  the template instantiation context (the oldest one first) is
  	C:\Users\gamin\Documents\Final year uni\Comp-3016-30-\beat dungeon\dependencies\SDL_ttf\external\harfbuzz\src\hb-ot-post-table.hh(156,17):
  	see reference to function template instantiation 'Type *hb_vector_t<Type,false>::push<__int64>(__int64 &&)' being compiled
          with
          [
              Type=unsigned int
          ]
  		C:\Users\gamin\Documents\Final year uni\Comp-3016-30-\beat dungeon\dependencies\SDL_ttf\external\harfbuzz\src\hb-ot-post-table.hh(156,23):
  		see the first reference to 'hb_vector_t<unsigned int,false>::push' in 'OT::post::accelerator_t::accelerator_t'
  
C:\Users\gamin\Documents\Final year uni\Comp-3016-30-\beat dungeon\dependencies\SDL_ttf\external\harfbuzz\src\hb-ot-var-gvar-table.hh(276,43): warning C4244: '+=': conversion from '__int64' to 'unsigned int', possible loss of data
  (compiling source file '../external/harfbuzz/src/harfbuzz.cc')
  C:\Users\gamin\Documents\Final year uni\Comp-3016-30-\beat dungeon\dependencies\SDL_ttf\external\harfbuzz\src\hb-ot-var-gvar-table.hh(276,43):
  the template instantiation context (the oldest one first) is
  	C:\Users\gamin\Documents\Final year uni\Comp-3016-30-\beat dungeon\dependencies\SDL_ttf\external\harfbuzz\src\hb-ot-var-gvar-table.hh(408,5):
  	see reference to function template instantiation 'bool OT::gvar::serialize<hb_sorted_array_t<const Type>,0x0>(hb_serialize_context_t *,const OT::glyph_variations_t &,Iterator,unsigned int,unsigned int,bool) const' being compiled
          with
          [
              Type=hb_codepoint_pair_t,
              Iterator=hb_sorted_array_t<const hb_codepoint_pair_t>
          ]
  	C:\Users\gamin\Documents\Final year uni\Comp-3016-30-\beat dungeon\dependencies\SDL_ttf\external\harfbuzz\src\hb-ot-var-gvar-table.hh(385,5):
  	see reference to function template instantiation 'bool OT::glyph_variations_t::serialize_glyph_var_data<Iterator,0x0>(hb_serialize_context_t *,Iterator,bool,unsigned int,char *) const' being compiled
          with
          [
              Iterator=hb_sorted_array_t<const hb_codepoint_pair_t>
          ]
  
C:\Users\gamin\Documents\Final year uni\Comp-3016-30-\beat dungeon\dependencies\SDL_ttf\external\harfbuzz\src\hb-open-file.hh(175,45): warning C4244: 'argument': conversion from '__int64' to 'unsigned int', possible loss of data
  (compiling source file '../external/harfbuzz/src/harfbuzz.cc')
  C:\Users\gamin\Documents\Final year uni\Comp-3016-30-\beat dungeon\dependencies\SDL_ttf\external\harfbuzz\src\hb-open-file.hh(175,45):
  the template instantiation context (the oldest one first) is
  	C:\Users\gamin\Documents\Final year uni\Comp-3016-30-\beat dungeon\dependencies\SDL_ttf\external\harfbuzz\src\hb-face-builder.cc(127,15):
  	see reference to function template instantiation 'bool OT::OpenTypeFontFile::serialize_single<hb_map_iter_t<_Ty,Proj,hb_function_sortedness_t::NOT_SORTED,0x0>,0x0>(hb_serialize_context_t *,hb_tag_t,Iterator)' being compiled
          with
          [
              _Ty=hb_array_t<const hb_pair_t<hb_tag_t,face_table_info_t>>,
              Proj=_hb_face_builder_data_reference_blob::<lambda_378ecfc0742a877efb3d8ae5c837783c>,
              Iterator=hb_map_iter_t<hb_array_t<const hb_pair_t<hb_tag_t,face_table_info_t>>,_hb_face_builder_data_reference_blob::<lambda_378ecfc0742a877efb3d8ae5c837783c>,hb_function_sortedness_t::NOT_SORTED,0x0>
          ]
  	C:\Users\gamin\Documents\Final year uni\Comp-3016-30-\beat dungeon\dependencies\SDL_ttf\external\harfbuzz\src\hb-open-file.hh(509,5):
  	see reference to function template instantiation 'bool OT::OpenTypeOffsetTable::serialize<Iterator,0x0>(hb_serialize_context_t *,hb_tag_t,Iterator)' being compiled
          with
          [
              Iterator=hb_map_iter_t<hb_array_t<const hb_pair_t<hb_tag_t,face_table_info_t>>,_hb_face_builder_data_reference_blob::<lambda_378ecfc0742a877efb3d8ae5c837783c>,hb_function_sortedness_t::NOT_SORTED,0x0>
          ]
  
C:\Users\gamin\Documents\Final year uni\Comp-3016-30-\beat dungeon\dependencies\SDL_ttf\external\harfbuzz\src\hb-open-file.hh(187,44): warning C4244: 'argument': conversion from '__int64' to 'unsigned int', possible loss of data
  (compiling source file '../external/harfbuzz/src/harfbuzz.cc')
  
C:\Users\gamin\Documents\Final year uni\Comp-3016-30-\beat dungeon\dependencies\SDL_ttf\external\harfbuzz\src\OT\name\name.hh(69,22): warning C4244: '=': conversion from '__int64' to 'unsigned int', possible loss of data
  (compiling source file '../external/harfbuzz/src/harfbuzz.cc')
  C:\Users\gamin\Documents\Final year uni\Comp-3016-30-\beat dungeon\dependencies\SDL_ttf\external\harfbuzz\src\OT\name\name.hh(69,22):
  the template instantiation context (the oldest one first) is
  	C:\Users\gamin\Documents\Final year uni\Comp-3016-30-\beat dungeon\dependencies\SDL_ttf\external\harfbuzz\src\hb-ot-name.cc(126,10):
  	see reference to function template instantiation 'unsigned int hb_ot_name_get_utf<hb_utf8_t>(hb_face_t *,hb_ot_name_id_t,hb_language_t,unsigned int *,hb_utf8_t::codepoint_t *)' being compiled
  	C:\Users\gamin\Documents\Final year uni\Comp-3016-30-\beat dungeon\dependencies\SDL_ttf\external\harfbuzz\src\hb-ot-name.cc(87,18):
  	see reference to function template instantiation 'unsigned int OT::hb_ot_name_convert_utf<hb_utf16_be_t,utf_t>(hb_bytes_t,unsigned int *,hb_utf8_t::codepoint_t *)' being compiled
          with
          [
              utf_t=hb_utf8_t
          ]
  
C:\Users\gamin\Documents\Final year uni\Comp-3016-30-\beat dungeon\dependencies\SDL_ttf\external\harfbuzz\src\OT\name\name.hh(74,24): warning C4244: 'initializing': conversion from '__int64' to 'unsigned int', possible loss of data
  (compiling source file '../external/harfbuzz/src/harfbuzz.cc')
  
C:\Users\gamin\Documents\Final year uni\Comp-3016-30-\beat dungeon\dependencies\SDL_ttf\external\harfbuzz\src\hb-sanitize.hh(209,32): warning C4244: '=': conversion from '__int64' to 'unsigned int', possible loss of data
  (compiling source file '../external/harfbuzz/src/harfbuzz.cc')
  C:\Users\gamin\Documents\Final year uni\Comp-3016-30-\beat dungeon\dependencies\SDL_ttf\external\harfbuzz\src\hb-sanitize.hh(209,32):
  the template instantiation context (the oldest one first) is
  	C:\Users\gamin\Documents\Final year uni\Comp-3016-30-\beat dungeon\dependencies\SDL_ttf\external\harfbuzz\src\hb-aat-layout-kerx-table.hh(1127,15):
  	see reference to class template instantiation 'AAT::KerxTable<AAT::kerx>' being compiled
  	C:\Users\gamin\Documents\Final year uni\Comp-3016-30-\beat dungeon\dependencies\SDL_ttf\external\harfbuzz\src\hb-aat-layout-kerx-table.hh(960,8):
  	while compiling class template member function 'bool AAT::KerxTable<AAT::kerx>::apply(AAT::hb_aat_apply_context_t *,const AAT::kern_accelerator_data_t *) const'
  		C:\Users\gamin\Documents\Final year uni\Comp-3016-30-\beat dungeon\dependencies\SDL_ttf\external\harfbuzz\src\hb-aat-layout-kerx-table.hh(1119,7):
  		see the first reference to 'AAT::KerxTable<AAT::kerx>::apply' in 'AAT::KerxTable<AAT::kerx>::accelerator_t::apply'
  		C:\Users\gamin\Documents\Final year uni\Comp-3016-30-\beat dungeon\dependencies\SDL_ttf\external\harfbuzz\src\hb-aat-layout.cc(342,15):
  		see the first reference to 'AAT::KerxTable<AAT::kerx>::accelerator_t::apply' in 'hb_aat_layout_position'
  	C:\Users\gamin\Documents\Final year uni\Comp-3016-30-\beat dungeon\dependencies\SDL_ttf\external\harfbuzz\src\hb-aat-layout-kerx-table.hh(1020,33):
  	see reference to function template instantiation 'hb_sanitize_with_object_t::hb_sanitize_with_object_t<const SubTable*>(hb_sanitize_context_t *,const T &)' being compiled
          with
          [
              T=const SubTable *
          ]
  	C:\Users\gamin\Documents\Final year uni\Comp-3016-30-\beat dungeon\dependencies\SDL_ttf\external\harfbuzz\src\hb-sanitize.hh(521,6):
  	see reference to function template instantiation 'void hb_sanitize_context_t::set_object<SubTable>(const T *)' being compiled
          with
          [
              T=SubTable
          ]
  
C:\Users\gamin\Documents\Final year uni\Comp-3016-30-\beat dungeon\dependencies\SDL_ttf\external\harfbuzz\src\hb-vector.hh(223,25): warning C4244: 'initializing': conversion from 'const T' to 'Type', possible loss of data
C:\Users\gamin\Documents\Final year uni\Comp-3016-30-\beat dungeon\dependencies\SDL_ttf\external\harfbuzz\src\hb-vector.hh(223,25): warning C4244:         with
C:\Users\gamin\Documents\Final year uni\Comp-3016-30-\beat dungeon\dependencies\SDL_ttf\external\harfbuzz\src\hb-vector.hh(223,25): warning C4244:         [
C:\Users\gamin\Documents\Final year uni\Comp-3016-30-\beat dungeon\dependencies\SDL_ttf\external\harfbuzz\src\hb-vector.hh(223,25): warning C4244:             T=double
C:\Users\gamin\Documents\Final year uni\Comp-3016-30-\beat dungeon\dependencies\SDL_ttf\external\harfbuzz\src\hb-vector.hh(223,25): warning C4244:         ]
C:\Users\gamin\Documents\Final year uni\Comp-3016-30-\beat dungeon\dependencies\SDL_ttf\external\harfbuzz\src\hb-vector.hh(223,25): warning C4244:         and
C:\Users\gamin\Documents\Final year uni\Comp-3016-30-\beat dungeon\dependencies\SDL_ttf\external\harfbuzz\src\hb-vector.hh(223,25): warning C4244:         [
C:\Users\gamin\Documents\Final year uni\Comp-3016-30-\beat dungeon\dependencies\SDL_ttf\external\harfbuzz\src\hb-vector.hh(223,25): warning C4244:             Type=float
C:\Users\gamin\Documents\Final year uni\Comp-3016-30-\beat dungeon\dependencies\SDL_ttf\external\harfbuzz\src\hb-vector.hh(223,25): warning C4244:         ]
  (compiling source file '../external/harfbuzz/src/harfbuzz.cc')
  C:\Users\gamin\Documents\Final year uni\Comp-3016-30-\beat dungeon\dependencies\SDL_ttf\external\harfbuzz\src\hb-vector.hh(223,25):
  the template instantiation context (the oldest one first) is
  	C:\Users\gamin\Documents\Final year uni\Comp-3016-30-\beat dungeon\dependencies\SDL_ttf\external\harfbuzz\src\hb-ot-var-common.hh(1469,65):
  	see reference to function template instantiation 'hb_vector_t<float,false>::hb_vector_t<hb_vector_t<double,false>,0x0>(const Iterable &)' being compiled
          with
          [
              Iterable=hb_vector_t<double,false>
          ]
  		C:\Users\gamin\Documents\Final year uni\Comp-3016-30-\beat dungeon\dependencies\SDL_ttf\external\harfbuzz\src\hb-ot-var-common.hh(1469,11):
  		see the first reference to 'hb_vector_t<float,false>::hb_vector_t' in 'OT::TupleVariationData::tuple_variations_t::merge_tuple_variations'
  	C:\Users\gamin\Documents\Final year uni\Comp-3016-30-\beat dungeon\dependencies\SDL_ttf\external\harfbuzz\src\hb-vector.hh(61,5):
  	see reference to function template instantiation 'void hb_copy<hb_array_t<const Type>&,hb_vector_t<float,false>&>(S,D)' being compiled
          with
          [
              Type=double,
              S=hb_array_t<const double> &,
              D=hb_vector_t<float,false> &
          ]
  	C:\Users\gamin\Documents\Final year uni\Comp-3016-30-\beat dungeon\dependencies\SDL_ttf\external\harfbuzz\src\hb-iter.hh(1023,16):
  	see reference to function template instantiation 'void operator |<hb_array_t<const Type>,hb_sink_t<hb_vector_t<float,false> &>,0x0>(Lhs &&,Rhs &&)' being compiled
          with
          [
              Type=double,
              Lhs=hb_array_t<const double>,
              Rhs=hb_sink_t<hb_vector_t<float,false> &>
          ]
  	C:\Users\gamin\Documents\Final year uni\Comp-3016-30-\beat dungeon\dependencies\SDL_ttf\external\harfbuzz\src\hb-iter.hh(359,35):
  	see reference to function template instantiation 'void hb_sink_t<hb_vector_t<float,false> &>::operator ()<_Ty,0x0>(Iter)' being compiled
          with
          [
              _Ty=hb_array_t<const double>,
              Iter=hb_array_t<const double>
          ]
  	C:\Users\gamin\Documents\Final year uni\Comp-3016-30-\beat dungeon\dependencies\SDL_ttf\external\harfbuzz\src\hb-iter.hh(884,9):
  	see reference to function template instantiation 'hb_vector_t<float,false> &hb_vector_t<float,false>::operator <<<Type&>(T)' being compiled
          with
          [
              Type=double,
              T=const double &
          ]
  	C:\Users\gamin\Documents\Final year uni\Comp-3016-30-\beat dungeon\dependencies\SDL_ttf\external\harfbuzz\src\hb-vector.hh(178,38):
  	see reference to function template instantiation 'Type *hb_vector_t<Type,false>::push<const T&>(const T &)' being compiled
          with
          [
              Type=float,
              T=double
          ]
  
C:\Users\gamin\Documents\Final year uni\Comp-3016-30-\beat dungeon\dependencies\SDL_ttf\external\harfbuzz\src\hb-ot-cmap-table.hh(451,28): warning C4244: 'argument': conversion from '__int64' to 'Type', possible loss of data
C:\Users\gamin\Documents\Final year uni\Comp-3016-30-\beat dungeon\dependencies\SDL_ttf\external\harfbuzz\src\hb-ot-cmap-table.hh(451,28): warning C4244:         with
C:\Users\gamin\Documents\Final year uni\Comp-3016-30-\beat dungeon\dependencies\SDL_ttf\external\harfbuzz\src\hb-ot-cmap-table.hh(451,28): warning C4244:         [
C:\Users\gamin\Documents\Final year uni\Comp-3016-30-\beat dungeon\dependencies\SDL_ttf\external\harfbuzz\src\hb-ot-cmap-table.hh(451,28): warning C4244:             Type=uint16_t
C:\Users\gamin\Documents\Final year uni\Comp-3016-30-\beat dungeon\dependencies\SDL_ttf\external\harfbuzz\src\hb-ot-cmap-table.hh(451,28): warning C4244:         ]
  (compiling source file '../external/harfbuzz/src/harfbuzz.cc')
  C:\Users\gamin\Documents\Final year uni\Comp-3016-30-\beat dungeon\dependencies\SDL_ttf\external\harfbuzz\src\hb-ot-cmap-table.hh(451,28):
  the template instantiation context (the oldest one first) is
  	C:\Users\gamin\Documents\Final year uni\Comp-3016-30-\beat dungeon\dependencies\SDL_ttf\external\harfbuzz\src\hb-ot-cmap-table.hh(1644,19):
  	see reference to function template instantiation 'void OT::CmapSubtable::serialize<Iterator,0x0>(hb_serialize_context_t *,Iterator,unsigned int,const hb_subset_plan_t *,const void *)' being compiled
          with
          [
              Iterator=hb_filter_iter_t<hb_filter_iter_t<hb_sorted_array_t<const hb_codepoint_pair_t>,OT::cmap::subset::<lambda_53f37dd2cf59066c87178e8e44b188d7>,const <unnamed-type-hb_identity> &,0x0>,const hb_set_t &,const <unnamed-type-hb_first> &,0x0>
          ]
  	C:\Users\gamin\Documents\Final year uni\Comp-3016-30-\beat dungeon\dependencies\SDL_ttf\external\harfbuzz\src\hb-ot-cmap-table.hh(1563,30):
  	see reference to function template instantiation 'void OT::CmapSubtableFormat4::serialize<Iterator,0x0>(hb_serialize_context_t *,Iterator)' being compiled
          with
          [
              Iterator=hb_filter_iter_t<hb_filter_iter_t<hb_sorted_array_t<const hb_codepoint_pair_t>,OT::cmap::subset::<lambda_53f37dd2cf59066c87178e8e44b188d7>,const <unnamed-type-hb_identity> &,0x0>,const hb_set_t &,const <unnamed-type-hb_first> &,0x0>
          ]
  	C:\Users\gamin\Documents\Final year uni\Comp-3016-30-\beat dungeon\dependencies\SDL_ttf\external\harfbuzz\src\hb-ot-cmap-table.hh(493,31):
  	see reference to function template instantiation 'OT::HBUINT16 *OT::CmapSubtableFormat4::serialize_rangeoffset_glyid<hb_array_t<const Type>,0x0>(hb_serialize_context_t *,Iterator,OT::HBUINT16 *,OT::HBUINT16 *,OT::HBINT16 *,unsigned int)' being compiled
          with
          [
              Type=hb_codepoint_pair_t,
              Iterator=hb_array_t<const hb_codepoint_pair_t>
          ]
  
  SDL_ttf.vcxproj -> C:\Users\gamin\Documents\Final year uni\Comp-3016-30-\beat dungeon\Beat dungeon\x64\Debug\SDL3_ttf.lib
